SalesKey,OrderID,OrderDateKey,ShipDateKey,CustomerKey,ProductKey,Quantity,UnitSellingPrice,TotalAmount,DiscountRate,Status,DeliveryRegion
1,ORD-00001,20251124,20251130,3,1,20,166500,3330000,0.1,出荷済,中部
2,ORD-00002,20260113,20260116,3,18,2,156000,312000,0.0,出荷済,関東
3,ORD-00003,20250217,20250228,7,8,3,1650000,4950000,0.0,出荷済,中部
4,ORD-00004,20260102,,23,14,1,4800000,4800000,0.0,キャンセル,関西
5,ORD-00005,20260219,20260226,1,6,2,4500000,9000000,0.0,出荷済,中部
6,ORD-00006,20250421,20250429,14,4,2,320000,640000,0.0,出荷済,中国
7,ORD-00007,20250626,,27,9,20,85500,1710000,0.1,処理中,東北
8,ORD-00008,20250305,,16,3,10,121600,1216000,0.05,キャンセル,中国
9,ORD-00009,20250705,20250718,25,7,3,2800000,8400000,0.0,出荷済,中部
10,ORD-00010,20260131,20260209,12,3,50,108800,5440000,0.15,出荷済,関西
11,ORD-00011,20250821,20250827,30,12,1,6500000,6500000,0.0,出荷済,北海道
12,ORD-00012,20250517,,2,20,5,890000,4450000,0.0,受注確定,北海道
13,ORD-00013,20250506,,5,15,5,68000,340000,0.0,受注確定,中部
14,ORD-00014,20251217,20251225,14,2,3,45000,135000,0.0,出荷済,九州
15,ORD-00015,20250518,,2,7,5,2800000,14000000,0.0,キャンセル,北海道
16,ORD-00016,20250611,,7,16,5,35000,175000,0.0,処理中,中部
17,ORD-00017,20250516,,4,8,5,1650000,8250000,0.0,受注確定,関西
18,ORD-00018,20260118,20260126,25,14,3,4800000,14400000,0.0,出荷済,中部
19,ORD-00019,20250312,20250316,22,16,2,35000,70000,0.0,出荷済,中部
20,ORD-00020,20251118,20251127,5,14,2,4800000,9600000,0.0,出荷済,東北
21,ORD-00021,20250828,20250910,23,9,100,80750,8075000,0.15,出荷済,北海道
22,ORD-00022,20250228,20250304,23,9,20,85500,1710000,0.1,出荷済,関西
23,ORD-00023,20250811,20250822,5,15,1,68000,68000,0.0,出荷済,中国
24,ORD-00024,20250402,20250415,22,4,50,272000,13600000,0.15,出荷済,東北
25,ORD-00025,20251108,20251119,7,5,5,78000,390000,0.0,出荷済,中国
26,ORD-00026,20250929,20251003,1,20,2,890000,1780000,0.0,出荷済,関西
27,ORD-00027,20260326,,12,8,1,1650000,1650000,0.0,キャンセル,関東
28,ORD-00028,20250213,,21,3,100,108800,10880000,0.15,受注確定,中国
29,ORD-00029,20250306,20250313,4,16,50,29750,1487500,0.15,出荷済,東北
30,ORD-00030,20260323,,27,14,5,4800000,24000000,0.0,受注確定,中国
31,ORD-00031,20260109,20260119,7,10,5,210000,1050000,0.0,出荷済,東北
32,ORD-00032,20250820,20250823,4,8,2,1650000,3300000,0.0,出荷済,東北
33,ORD-00033,20251011,20251025,8,19,3,92000,276000,0.0,出荷済,北海道
34,ORD-00034,20250131,20250204,8,3,50,108800,5440000,0.15,出荷済,東北
35,ORD-00035,20250502,20250516,11,16,3,35000,105000,0.0,出荷済,東北
36,ORD-00036,20251023,20251029,20,8,5,1650000,8250000,0.0,出荷済,関東
37,ORD-00037,20250219,,18,12,2,6500000,13000000,0.0,処理中,中国
38,ORD-00038,20260109,20260113,2,4,2,320000,640000,0.0,出荷済,中部
39,ORD-00039,20250409,20250414,7,18,5,156000,780000,0.0,出荷済,関西
40,ORD-00040,20250825,,8,3,5,128000,640000,0.0,受注確定,関東
41,ORD-00041,20250126,20250131,23,1,100,157250,15725000,0.15,出荷済,九州
42,ORD-00042,20250906,20250911,20,7,3,2800000,8400000,0.0,出荷済,九州
43,ORD-00043,20250102,,16,9,50,80750,4037500,0.15,処理中,関西
44,ORD-00044,20250805,20250811,24,16,3,35000,105000,0.0,出荷済,関東
45,ORD-00045,20251024,20251027,23,2,20,40500,810000,0.1,出荷済,東北
46,ORD-00046,20250902,,22,17,3,248000,744000,0.0,受注確定,関東
47,ORD-00047,20260312,20260321,6,3,10,121600,1216000,0.05,出荷済,関東
48,ORD-00048,20251019,,8,19,10,87400,874000,0.05,キャンセル,関東
49,ORD-00049,20250803,20250809,25,19,10,87400,874000,0.05,出荷済,北海道
50,ORD-00050,20260102,20260115,13,8,2,1650000,3300000,0.0,出荷済,北海道
51,ORD-00051,20250603,20250606,19,11,50,123250,6162500,0.15,出荷済,九州
52,ORD-00052,20251115,20251126,25,4,2,320000,640000,0.0,出荷済,関西
53,ORD-00053,20250309,20250316,14,3,50,108800,5440000,0.15,出荷済,中部
54,ORD-00054,20250813,,23,10,10,199500,1995000,0.05,受注確定,関東
55,ORD-00055,20251208,20251213,23,10,50,178500,8925000,0.15,出荷済,関西
56,ORD-00056,20250301,20250313,3,18,3,156000,468000,0.0,出荷済,中部
57,ORD-00057,20260103,20260114,14,7,2,2800000,5600000,0.0,出荷済,九州
58,ORD-00058,20250509,20250512,2,3,10,121600,1216000,0.05,出荷済,関東
59,ORD-00059,20250620,,4,9,3,95000,285000,0.0,処理中,東北
60,ORD-00060,20251228,20260111,18,18,1,156000,156000,0.0,出荷済,中部
61,ORD-00061,20251007,20251016,1,12,2,6500000,13000000,0.0,出荷済,中部
62,ORD-00062,20250122,20250130,12,12,3,6500000,19500000,0.0,出荷済,中部
63,ORD-00063,20251216,,8,4,5,320000,1600000,0.0,受注確定,中国
64,ORD-00064,20250728,20250802,28,5,50,66300,3315000,0.15,出荷済,中国
65,ORD-00065,20260220,20260301,6,14,1,4800000,4800000,0.0,出荷済,中国
66,ORD-00066,20251209,20251218,8,9,3,95000,285000,0.0,出荷済,中国
67,ORD-00067,20250120,,20,8,2,1650000,3300000,0.0,処理中,関西
68,ORD-00068,20250606,20250615,8,8,1,1650000,1650000,0.0,出荷済,関西
69,ORD-00069,20250523,,2,9,5,95000,475000,0.0,受注確定,九州
70,ORD-00070,20251214,20251221,23,11,50,123250,6162500,0.15,出荷済,中部
71,ORD-00071,20251025,20251102,10,2,2,45000,90000,0.0,出荷済,北海道
72,ORD-00072,20260207,,13,14,2,4800000,9600000,0.0,受注確定,関東
73,ORD-00073,20250717,20250720,25,7,1,2800000,2800000,0.0,出荷済,東北
74,ORD-00074,20260217,20260302,23,7,1,2800000,2800000,0.0,出荷済,関西
75,ORD-00075,20251116,20251127,13,4,20,288000,5760000,0.1,出荷済,関西
76,ORD-00076,20251208,20251219,17,11,5,145000,725000,0.0,出荷済,中部
77,ORD-00077,20250409,20250421,18,13,2,3200000,6400000,0.0,出荷済,東北
78,ORD-00078,20250604,20250611,17,18,20,140400,2808000,0.1,出荷済,中部
79,ORD-00079,20250809,,25,20,5,890000,4450000,0.0,処理中,九州
80,ORD-00080,20250815,20250828,7,17,10,235600,2356000,0.05,出荷済,関東
81,ORD-00081,20250526,20250608,22,20,2,890000,1780000,0.0,出荷済,関西
82,ORD-00082,20250426,20250506,7,5,1,78000,78000,0.0,出荷済,東北
83,ORD-00083,20260312,,2,15,5,68000,340000,0.0,キャンセル,中部
84,ORD-00084,20260103,20260116,16,16,5,35000,175000,0.0,出荷済,北海道
85,ORD-00085,20250103,,3,14,1,4800000,4800000,0.0,受注確定,九州
86,ORD-00086,20250126,20250205,24,8,10,1567500,15675000,0.05,出荷済,中部
87,ORD-00087,20260215,,20,17,100,210800,21080000,0.15,キャンセル,関西
88,ORD-00088,20260122,,18,20,5,890000,4450000,0.0,受注確定,九州
89,ORD-00089,20260302,,23,15,50,57800,2890000,0.15,処理中,九州
90,ORD-00090,20250513,,8,9,20,85500,1710000,0.1,受注確定,九州
91,ORD-00091,20251117,20251123,8,9,5,95000,475000,0.0,出荷済,関西
92,ORD-00092,20250621,20250627,13,18,2,156000,312000,0.0,出荷済,九州
93,ORD-00093,20251222,20251230,5,7,1,2800000,2800000,0.0,出荷済,東北
94,ORD-00094,20250827,20250905,18,2,3,45000,135000,0.0,出荷済,中国
95,ORD-00095,20251027,20251104,1,19,5,92000,460000,0.0,出荷済,関西
96,ORD-00096,20260121,,16,14,2,4800000,9600000,0.0,受注確定,中国
97,ORD-00097,20251105,20251115,7,16,3,35000,105000,0.0,出荷済,関東
98,ORD-00098,20250719,,14,13,3,3200000,9600000,0.0,処理中,中部
99,ORD-00099,20251115,,23,1,50,157250,7862500,0.15,キャンセル,東北
100,ORD-00100,20251206,20251216,1,3,10,121600,1216000,0.05,出荷済,中部
101,ORD-00101,20250126,,10,13,1,3200000,3200000,0.0,処理中,関西
102,ORD-00102,20250622,20250629,16,9,20,85500,1710000,0.1,出荷済,中国
103,ORD-00103,20250211,20250219,20,1,20,166500,3330000,0.1,出荷済,中部
104,ORD-00104,20251129,20251205,2,2,20,40500,810000,0.1,出荷済,中国
105,ORD-00105,20250111,,28,5,3,78000,234000,0.0,処理中,北海道
106,ORD-00106,20250228,20250308,25,7,2,2800000,5600000,0.0,出荷済,中部
107,ORD-00107,20251107,20251114,27,4,20,288000,5760000,0.1,出荷済,関東
108,ORD-00108,20251024,20251102,1,10,10,199500,1995000,0.05,出荷済,北海道
109,ORD-00109,20250412,20250416,2,19,10,87400,874000,0.05,出荷済,北海道
110,ORD-00110,20260131,,12,20,5,890000,4450000,0.0,キャンセル,中国
111,ORD-00111,20250122,20250126,14,18,5,156000,780000,0.0,出荷済,東北
112,ORD-00112,20251128,,14,1,20,166500,3330000,0.1,処理中,関東
113,ORD-00113,20250810,20250815,15,15,20,61200,1224000,0.1,出荷済,北海道
114,ORD-00114,20250925,,11,20,5,890000,4450000,0.0,受注確定,中国
115,ORD-00115,20250905,,20,14,3,4800000,14400000,0.0,キャンセル,関西
116,ORD-00116,20250615,,8,3,5,128000,640000,0.0,処理中,中部
117,ORD-00117,20260120,20260128,20,19,10,87400,874000,0.05,出荷済,関東
118,ORD-00118,20250911,20250918,14,6,2,4500000,9000000,0.0,出荷済,関西
119,ORD-00119,20250524,,27,9,10,90250,902500,0.05,受注確定,中部
120,ORD-00120,20250213,20250227,8,14,2,4800000,9600000,0.0,出荷済,九州
121,ORD-00121,20251127,20251204,21,15,20,61200,1224000,0.1,出荷済,中部
122,ORD-00122,20250727,20250806,8,10,10,199500,1995000,0.05,出荷済,東北
123,ORD-00123,20250929,,14,14,5,4800000,24000000,0.0,受注確定,関西
124,ORD-00124,20250630,20250704,19,9,5,95000,475000,0.0,出荷済,北海道
125,ORD-00125,20250409,20250415,13,4,20,288000,5760000,0.1,出荷済,中部
126,ORD-00126,20260114,,20,9,20,85500,1710000,0.1,受注確定,東北
127,ORD-00127,20250525,20250530,3,7,1,2800000,2800000,0.0,出荷済,関西
128,ORD-00128,20250108,20250119,23,5,5,78000,390000,0.0,出荷済,関西
129,ORD-00129,20251224,20260105,4,16,2,35000,70000,0.0,出荷済,関西
130,ORD-00130,20250829,20250905,20,15,5,68000,340000,0.0,出荷済,中国
131,ORD-00131,20250902,20250914,3,3,5,128000,640000,0.0,出荷済,北海道
132,ORD-00132,20251218,,2,5,3,78000,234000,0.0,キャンセル,関西
133,ORD-00133,20250213,20250225,8,4,10,304000,3040000,0.05,出荷済,東北
134,ORD-00134,20260209,20260219,28,8,5,1650000,8250000,0.0,出荷済,九州
135,ORD-00135,20250602,,26,14,1,4800000,4800000,0.0,キャンセル,関東
136,ORD-00136,20251109,20251122,3,7,2,2800000,5600000,0.0,出荷済,関東
137,ORD-00137,20250322,20250325,8,6,2,4500000,9000000,0.0,出荷済,九州
138,ORD-00138,20250819,20250826,27,16,5,35000,175000,0.0,出荷済,北海道
139,ORD-00139,20250525,20250607,19,3,10,121600,1216000,0.05,出荷済,東北
140,ORD-00140,20251205,20251218,7,14,1,4800000,4800000,0.0,出荷済,中部
141,ORD-00141,20250517,20250529,5,3,2,128000,256000,0.0,出荷済,北海道
142,ORD-00142,20260227,,25,10,5,210000,1050000,0.0,処理中,北海道
143,ORD-00143,20250605,,17,9,10,90250,902500,0.05,処理中,九州
144,ORD-00144,20250211,20250223,27,2,50,38250,1912500,0.15,出荷済,関西
145,ORD-00145,20250114,,3,8,10,1567500,15675000,0.05,キャンセル,東北
146,ORD-00146,20250111,20250121,11,19,1,92000,92000,0.0,出荷済,東北
147,ORD-00147,20251130,,18,9,3,95000,285000,0.0,キャンセル,九州
148,ORD-00148,20251122,20251130,21,3,10,121600,1216000,0.05,出荷済,関西
149,ORD-00149,20251210,,3,6,1,4500000,4500000,0.0,処理中,関西
150,ORD-00150,20251206,20251214,17,18,1,156000,156000,0.0,出荷済,関西
151,ORD-00151,20250615,20250628,3,13,3,3200000,9600000,0.0,出荷済,中国
152,ORD-00152,20251005,,20,14,1,4800000,4800000,0.0,受注確定,関西
153,ORD-00153,20251115,20251122,22,15,20,61200,1224000,0.1,出荷済,東北
154,ORD-00154,20250309,,11,15,50,57800,2890000,0.15,処理中,関東
155,ORD-00155,20250115,20250122,29,20,5,890000,4450000,0.0,出荷済,東北
156,ORD-00156,20250108,20250118,23,14,1,4800000,4800000,0.0,出荷済,関東
157,ORD-00157,20251128,20251209,5,16,50,29750,1487500,0.15,出荷済,北海道
158,ORD-00158,20250520,20250530,18,16,100,29750,2975000,0.15,出荷済,東北
159,ORD-00159,20250316,,16,7,5,2800000,14000000,0.0,受注確定,北海道
160,ORD-00160,20260327,20260404,4,3,5,128000,640000,0.0,出荷済,中国
161,ORD-00161,20250917,20250929,11,1,5,185000,925000,0.0,出荷済,東北
162,ORD-00162,20251204,,21,5,5,78000,390000,0.0,処理中,関西
163,ORD-00163,20250620,20250626,23,18,5,156000,780000,0.0,出荷済,北海道
164,ORD-00164,20250503,20250506,25,13,1,3200000,3200000,0.0,出荷済,関西
165,ORD-00165,20260117,20260127,20,13,1,3200000,3200000,0.0,出荷済,関東
166,ORD-00166,20250306,20250316,22,19,5,92000,460000,0.0,出荷済,関東
167,ORD-00167,20250927,20251010,19,1,20,166500,3330000,0.1,出荷済,中部
168,ORD-00168,20250208,20250221,20,9,5,95000,475000,0.0,出荷済,関東
169,ORD-00169,20260313,20260326,14,18,5,156000,780000,0.0,出荷済,北海道
170,ORD-00170,20260331,20260406,21,18,1,156000,156000,0.0,出荷済,北海道
171,ORD-00171,20251217,20251221,11,8,5,1650000,8250000,0.0,出荷済,中国
172,ORD-00172,20251121,20251124,3,15,3,68000,204000,0.0,出荷済,関東
173,ORD-00173,20250616,20250621,2,10,5,210000,1050000,0.0,出荷済,中部
174,ORD-00174,20250929,20251004,17,19,10,87400,874000,0.05,出荷済,中部
175,ORD-00175,20250210,20250220,27,13,2,3200000,6400000,0.0,出荷済,東北
176,ORD-00176,20250315,,8,15,10,64600,646000,0.05,処理中,関西
177,ORD-00177,20251208,,1,15,50,57800,2890000,0.15,受注確定,中部
178,ORD-00178,20250207,20250220,18,12,5,6500000,32500000,0.0,出荷済,九州
179,ORD-00179,20251220,20251229,9,15,20,61200,1224000,0.1,出荷済,中国
180,ORD-00180,20250905,20250917,3,8,3,1650000,4950000,0.0,出荷済,関西
181,ORD-00181,20251225,20260101,12,1,100,157250,15725000,0.15,出荷済,関東
182,ORD-00182,20251017,20251023,2,20,5,890000,4450000,0.0,出荷済,東北
183,ORD-00183,20260215,,14,8,5,1650000,8250000,0.0,キャンセル,関西
184,ORD-00184,20251214,20251221,4,4,50,272000,13600000,0.15,出荷済,中国
185,ORD-00185,20250814,20250818,1,19,5,92000,460000,0.0,出荷済,関西
186,ORD-00186,20250617,,18,6,1,4500000,4500000,0.0,受注確定,関西
187,ORD-00187,20250929,20251009,22,9,20,85500,1710000,0.1,出荷済,中国
188,ORD-00188,20250601,20250606,14,4,10,304000,3040000,0.05,出荷済,中国
189,ORD-00189,20250426,20250429,17,18,5,156000,780000,0.0,出荷済,関西
190,ORD-00190,20251002,20251014,4,15,5,68000,340000,0.0,出荷済,九州
191,ORD-00191,20260226,20260308,30,12,1,6500000,6500000,0.0,出荷済,関東
192,ORD-00192,20251114,20251127,24,11,50,123250,6162500,0.15,出荷済,関東
193,ORD-00193,20251122,20251127,20,10,10,199500,1995000,0.05,出荷済,関東
194,ORD-00194,20250120,20250131,12,16,2,35000,70000,0.0,出荷済,中部
195,ORD-00195,20250718,,19,12,2,6500000,13000000,0.0,受注確定,九州
196,ORD-00196,20251028,,5,14,2,4800000,9600000,0.0,処理中,東北
197,ORD-00197,20250728,20250807,11,2,10,42750,427500,0.05,出荷済,九州
198,ORD-00198,20250501,20250512,15,4,100,272000,27200000,0.15,出荷済,北海道
199,ORD-00199,20250703,20250713,2,13,1,3200000,3200000,0.0,出荷済,関東
200,ORD-00200,20251206,20251214,7,20,10,845500,8455000,0.05,出荷済,中部
201,ORD-00201,20250306,,25,7,1,2800000,2800000,0.0,受注確定,中部
202,ORD-00202,20251028,20251109,7,8,2,1650000,3300000,0.0,出荷済,関東
203,ORD-00203,20250522,20250526,5,5,10,74100,741000,0.05,出荷済,北海道
204,ORD-00204,20260320,20260401,1,5,1,78000,78000,0.0,出荷済,関西
205,ORD-00205,20250109,20250120,6,9,2,95000,190000,0.0,出荷済,関東
206,ORD-00206,20260117,20260128,2,16,5,35000,175000,0.0,出荷済,東北
207,ORD-00207,20250225,,18,17,3,248000,744000,0.0,キャンセル,関東
208,ORD-00208,20260108,20260111,23,10,10,199500,1995000,0.05,出荷済,九州
209,ORD-00209,20260310,,17,14,2,4800000,9600000,0.0,処理中,北海道
210,ORD-00210,20250816,20250820,2,3,5,128000,640000,0.0,出荷済,中部
211,ORD-00211,20250521,20250530,28,19,10,87400,874000,0.05,出荷済,東北
212,ORD-00212,20250929,20251003,12,15,10,64600,646000,0.05,出荷済,中国
213,ORD-00213,20251226,20260104,3,18,20,140400,2808000,0.1,出荷済,九州
214,ORD-00214,20260331,,8,14,1,4800000,4800000,0.0,処理中,九州
215,ORD-00215,20250801,20250809,3,11,5,145000,725000,0.0,出荷済,中部
216,ORD-00216,20251218,20251222,20,3,2,128000,256000,0.0,出荷済,九州
217,ORD-00217,20250219,,16,5,10,74100,741000,0.05,キャンセル,東北
218,ORD-00218,20251015,20251029,14,4,5,320000,1600000,0.0,出荷済,関東
219,ORD-00219,20250528,,27,10,5,210000,1050000,0.0,キャンセル,東北
220,ORD-00220,20250419,20250427,5,16,3,35000,105000,0.0,出荷済,中国
221,ORD-00221,20251012,,16,4,20,288000,5760000,0.1,キャンセル,中部
222,ORD-00222,20260218,,18,18,100,132600,13260000,0.15,キャンセル,東北
223,ORD-00223,20251212,20251215,24,1,10,175750,1757500,0.05,出荷済,中部
224,ORD-00224,20250520,20250525,12,11,5,145000,725000,0.0,出荷済,東北
225,ORD-00225,20251203,20251207,17,3,3,128000,384000,0.0,出荷済,北海道
226,ORD-00226,20250929,20251004,7,13,2,3200000,6400000,0.0,出荷済,関西
227,ORD-00227,20250609,20250614,14,19,10,87400,874000,0.05,出荷済,中部
228,ORD-00228,20260122,20260201,28,2,10,42750,427500,0.05,出荷済,北海道
229,ORD-00229,20250806,20250812,21,20,3,890000,2670000,0.0,出荷済,中国
230,ORD-00230,20250920,20251003,3,12,2,6500000,13000000,0.0,出荷済,北海道
231,ORD-00231,20251031,20251106,21,17,10,235600,2356000,0.05,出荷済,九州
232,ORD-00232,20251103,20251108,2,1,3,185000,555000,0.0,出荷済,中国
233,ORD-00233,20250511,,12,11,2,145000,290000,0.0,処理中,北海道
234,ORD-00234,20250809,20250820,6,5,5,78000,390000,0.0,出荷済,東北
235,ORD-00235,20260303,20260312,14,3,5,128000,640000,0.0,出荷済,関東
236,ORD-00236,20250824,,2,11,10,137750,1377500,0.05,キャンセル,九州
237,ORD-00237,20251230,20260102,30,14,1,4800000,4800000,0.0,出荷済,関西
238,ORD-00238,20250329,20250402,28,15,20,61200,1224000,0.1,出荷済,九州
239,ORD-00239,20260309,20260320,3,8,3,1650000,4950000,0.0,出荷済,関東
240,ORD-00240,20250722,20250726,12,11,3,145000,435000,0.0,出荷済,東北
241,ORD-00241,20251121,20251129,3,17,10,235600,2356000,0.05,出荷済,北海道
242,ORD-00242,20260224,20260302,5,8,1,1650000,1650000,0.0,出荷済,中部
243,ORD-00243,20251105,,5,3,3,128000,384000,0.0,処理中,九州
244,ORD-00244,20260122,,25,19,5,92000,460000,0.0,キャンセル,北海道
245,ORD-00245,20251122,20251127,28,11,50,123250,6162500,0.15,出荷済,九州
246,ORD-00246,20250204,20250216,20,15,10,64600,646000,0.05,出荷済,関東
247,ORD-00247,20250630,,22,3,5,128000,640000,0.0,処理中,関東
248,ORD-00248,20250130,20250211,16,10,2,210000,420000,0.0,出荷済,東北
249,ORD-00249,20250917,20250927,16,15,10,64600,646000,0.05,出荷済,中国
250,ORD-00250,20251020,,7,11,10,137750,1377500,0.05,受注確定,中部
251,ORD-00251,20250201,20250215,18,4,20,288000,5760000,0.1,出荷済,関東
252,ORD-00252,20250916,,6,2,3,45000,135000,0.0,処理中,九州
253,ORD-00253,20250926,20251003,23,20,2,890000,1780000,0.0,出荷済,九州
254,ORD-00254,20250729,20250802,14,20,1,890000,890000,0.0,出荷済,関西
255,ORD-00255,20250218,,24,13,1,3200000,3200000,0.0,キャンセル,中国
256,ORD-00256,20250318,20250326,14,3,10,121600,1216000,0.05,出荷済,関西
257,ORD-00257,20251202,20251209,17,5,10,74100,741000,0.05,出荷済,東北
258,ORD-00258,20250712,,14,5,10,74100,741000,0.05,受注確定,関東
259,ORD-00259,20251127,20251204,18,17,5,248000,1240000,0.0,出荷済,中部
260,ORD-00260,20250420,20250425,14,16,3,35000,105000,0.0,出荷済,関東
261,ORD-00261,20250601,,3,17,20,223200,4464000,0.1,受注確定,関東
262,ORD-00262,20251205,20251210,14,20,1,890000,890000,0.0,出荷済,中部
263,ORD-00263,20250403,20250412,28,6,3,4500000,13500000,0.0,出荷済,関西
264,ORD-00264,20251213,,8,15,10,64600,646000,0.05,処理中,中部
265,ORD-00265,20251001,,8,10,100,178500,17850000,0.15,処理中,中国
266,ORD-00266,20250410,,16,19,100,78200,7820000,0.15,処理中,中国
267,ORD-00267,20250525,20250531,16,17,10,235600,2356000,0.05,出荷済,中国
268,ORD-00268,20251106,,4,9,2,95000,190000,0.0,処理中,中国
269,ORD-00269,20250710,,23,4,20,288000,5760000,0.1,受注確定,中国
270,ORD-00270,20250305,20250315,11,3,20,115200,2304000,0.1,出荷済,東北
271,ORD-00271,20250317,20250327,18,3,50,108800,5440000,0.15,出荷済,関西
272,ORD-00272,20250114,20250120,18,2,5,45000,225000,0.0,出荷済,九州
273,ORD-00273,20250211,20250225,16,8,1,1650000,1650000,0.0,出荷済,北海道
274,ORD-00274,20250621,,5,5,1,78000,78000,0.0,処理中,北海道
275,ORD-00275,20260302,20260306,4,16,5,35000,175000,0.0,出荷済,関東
276,ORD-00276,20250512,,7,5,10,74100,741000,0.05,キャンセル,東北
277,ORD-00277,20250805,20250808,3,10,3,210000,630000,0.0,出荷済,中部
278,ORD-00278,20250803,20250813,30,20,3,890000,2670000,0.0,出荷済,東北
279,ORD-00279,20251002,20251009,1,17,10,235600,2356000,0.05,出荷済,九州
280,ORD-00280,20250101,20250106,27,12,1,6500000,6500000,0.0,出荷済,北海道
281,ORD-00281,20251209,20251220,3,17,100,210800,21080000,0.15,出荷済,東北
282,ORD-00282,20250917,,22,18,1,156000,156000,0.0,処理中,関東
283,ORD-00283,20251122,20251130,16,12,1,6500000,6500000,0.0,出荷済,中国
284,ORD-00284,20250204,20250216,14,8,5,1650000,8250000,0.0,出荷済,北海道
285,ORD-00285,20260123,,14,5,1,78000,78000,0.0,受注確定,関西
286,ORD-00286,20260221,,6,15,100,57800,5780000,0.15,処理中,北海道
287,ORD-00287,20250404,,4,3,20,115200,2304000,0.1,処理中,関東
288,ORD-00288,20250531,20250608,7,2,20,40500,810000,0.1,出荷済,関西
289,ORD-00289,20250921,20251004,17,18,10,148200,1482000,0.05,出荷済,中部
290,ORD-00290,20250527,20250603,14,2,50,38250,1912500,0.15,出荷済,関東
291,ORD-00291,20260214,,16,14,3,4800000,14400000,0.0,処理中,九州
292,ORD-00292,20250623,20250704,6,16,10,33250,332500,0.05,出荷済,関西
293,ORD-00293,20260215,,3,14,1,4800000,4800000,0.0,キャンセル,中国
294,ORD-00294,20250403,20250411,23,10,5,210000,1050000,0.0,出荷済,北海道
295,ORD-00295,20250601,20250606,12,15,10,64600,646000,0.05,出荷済,北海道
296,ORD-00296,20250816,20250828,14,15,1,68000,68000,0.0,出荷済,九州
297,ORD-00297,20250521,20250529,30,2,2,45000,90000,0.0,出荷済,東北
298,ORD-00298,20260215,,5,1,3,185000,555000,0.0,キャンセル,北海道
299,ORD-00299,20260205,20260218,18,2,2,45000,90000,0.0,出荷済,関西
300,ORD-00300,20250705,20250718,16,19,1,92000,92000,0.0,出荷済,九州
301,ORD-00301,20250709,,16,15,20,61200,1224000,0.1,キャンセル,中部
302,ORD-00302,20250929,20251005,15,13,1,3200000,3200000,0.0,出荷済,関東
303,ORD-00303,20250114,,6,16,10,33250,332500,0.05,受注確定,関東
304,ORD-00304,20250515,,10,15,3,68000,204000,0.0,キャンセル,関西
305,ORD-00305,20251222,20260101,21,7,1,2800000,2800000,0.0,出荷済,中部
306,ORD-00306,20260101,20260114,18,3,20,115200,2304000,0.1,出荷済,関西
307,ORD-00307,20251230,20260104,2,18,10,148200,1482000,0.05,出荷済,北海道
308,ORD-00308,20251230,,30,6,3,4500000,13500000,0.0,受注確定,中部
309,ORD-00309,20250304,,7,5,3,78000,234000,0.0,処理中,関東
310,ORD-00310,20250704,,23,19,5,92000,460000,0.0,受注確定,中部
311,ORD-00311,20251110,,3,3,5,128000,640000,0.0,処理中,東北
312,ORD-00312,20250730,20250812,17,19,2,92000,184000,0.0,出荷済,関東
313,ORD-00313,20250819,,20,17,5,248000,1240000,0.0,受注確定,北海道
314,ORD-00314,20251028,20251101,6,5,5,78000,390000,0.0,出荷済,東北
315,ORD-00315,20250320,20250328,12,6,1,4500000,4500000,0.0,出荷済,東北
316,ORD-00316,20250526,,3,9,3,95000,285000,0.0,受注確定,関西
317,ORD-00317,20250306,20250317,29,10,10,199500,1995000,0.05,出荷済,北海道
318,ORD-00318,20250328,,26,19,3,92000,276000,0.0,キャンセル,北海道
319,ORD-00319,20251106,20251110,14,19,1,92000,92000,0.0,出荷済,関東
320,ORD-00320,20251125,,25,9,10,90250,902500,0.05,キャンセル,九州
321,ORD-00321,20251113,,30,1,10,175750,1757500,0.05,受注確定,関西
322,ORD-00322,20251125,20251202,12,16,3,35000,105000,0.0,出荷済,九州
323,ORD-00323,20250207,,2,6,2,4500000,9000000,0.0,処理中,九州
324,ORD-00324,20250415,20250429,14,20,1,890000,890000,0.0,出荷済,中国
325,ORD-00325,20250626,,17,5,20,70200,1404000,0.1,受注確定,東北
326,ORD-00326,20250224,20250306,13,8,3,1650000,4950000,0.0,出荷済,中部
327,ORD-00327,20250314,20250326,3,2,5,45000,225000,0.0,出荷済,九州
328,ORD-00328,20250508,20250514,5,11,50,123250,6162500,0.15,出荷済,中国
329,ORD-00329,20250323,20250402,22,17,10,235600,2356000,0.05,出荷済,関東
330,ORD-00330,20250216,20250222,17,17,10,235600,2356000,0.05,出荷済,東北
331,ORD-00331,20250630,,2,2,5,45000,225000,0.0,キャンセル,中国
332,ORD-00332,20251201,20251210,20,10,10,199500,1995000,0.05,出荷済,中部
333,ORD-00333,20260328,20260331,10,12,3,6500000,19500000,0.0,出荷済,九州
334,ORD-00334,20250127,,25,18,3,156000,468000,0.0,受注確定,関西
335,ORD-00335,20250207,,16,17,10,235600,2356000,0.05,受注確定,関西
336,ORD-00336,20260227,20260308,28,20,1,890000,890000,0.0,出荷済,関西
337,ORD-00337,20260211,20260217,14,18,50,132600,6630000,0.15,出荷済,東北
338,ORD-00338,20250918,20250923,17,17,1,248000,248000,0.0,出荷済,北海道
339,ORD-00339,20250620,,20,17,10,235600,2356000,0.05,キャンセル,東北
340,ORD-00340,20250313,20250325,14,20,2,890000,1780000,0.0,出荷済,北海道
341,ORD-00341,20260308,,12,19,5,92000,460000,0.0,受注確定,東北
342,ORD-00342,20250908,20250916,25,10,10,199500,1995000,0.05,出荷済,関西
343,ORD-00343,20251211,20251223,3,14,2,4800000,9600000,0.0,出荷済,九州
344,ORD-00344,20250516,20250528,25,19,3,92000,276000,0.0,出荷済,九州
345,ORD-00345,20250329,20250403,23,20,5,890000,4450000,0.0,出荷済,中国
346,ORD-00346,20251215,20251221,8,2,10,42750,427500,0.05,出荷済,関東
347,ORD-00347,20250814,20250823,13,14,1,4800000,4800000,0.0,出荷済,東北
348,ORD-00348,20260201,20260215,27,16,50,29750,1487500,0.15,出荷済,中部
349,ORD-00349,20250923,,7,18,5,156000,780000,0.0,処理中,東北
350,ORD-00350,20250712,,13,6,2,4500000,9000000,0.0,受注確定,関西
351,ORD-00351,20251007,20251013,14,9,10,90250,902500,0.05,出荷済,関西
352,ORD-00352,20251013,20251020,12,8,10,1567500,15675000,0.05,出荷済,北海道
353,ORD-00353,20250417,,21,11,10,137750,1377500,0.05,受注確定,中国
354,ORD-00354,20260105,,11,10,2,210000,420000,0.0,受注確定,九州
355,ORD-00355,20250722,20250805,14,5,5,78000,390000,0.0,出荷済,関東
356,ORD-00356,20250627,20250703,18,9,20,85500,1710000,0.1,出荷済,中国
357,ORD-00357,20251003,20251007,11,18,10,148200,1482000,0.05,出荷済,東北
358,ORD-00358,20260115,,26,8,2,1650000,3300000,0.0,受注確定,中部
359,ORD-00359,20251123,20251207,8,2,2,45000,90000,0.0,出荷済,九州
360,ORD-00360,20250221,20250302,4,1,100,157250,15725000,0.15,出荷済,北海道
361,ORD-00361,20260327,20260404,20,16,10,33250,332500,0.05,出荷済,関西
362,ORD-00362,20251127,20251208,2,3,10,121600,1216000,0.05,出荷済,北海道
363,ORD-00363,20260106,20260109,1,6,2,4500000,9000000,0.0,出荷済,中国
364,ORD-00364,20250723,20250726,22,6,5,4500000,22500000,0.0,出荷済,関東
365,ORD-00365,20250602,20250609,25,20,1,890000,890000,0.0,出荷済,九州
366,ORD-00366,20251125,20251206,23,17,10,235600,2356000,0.05,出荷済,九州
367,ORD-00367,20250520,,7,4,5,320000,1600000,0.0,処理中,北海道
368,ORD-00368,20250512,20250524,6,1,20,166500,3330000,0.1,出荷済,北海道
369,ORD-00369,20260123,20260201,7,6,2,4500000,9000000,0.0,出荷済,東北
370,ORD-00370,20250617,20250622,3,13,2,3200000,6400000,0.0,出荷済,九州
371,ORD-00371,20250615,20250625,8,1,5,185000,925000,0.0,出荷済,中国
372,ORD-00372,20250517,,14,10,10,199500,1995000,0.05,キャンセル,関東
373,ORD-00373,20250514,20250524,15,8,1,1650000,1650000,0.0,出荷済,関西
374,ORD-00374,20250323,20250406,17,17,50,210800,10540000,0.15,出荷済,関東
375,ORD-00375,20251124,20251129,12,12,2,6500000,13000000,0.0,出荷済,九州
376,ORD-00376,20250320,,19,20,3,890000,2670000,0.0,受注確定,九州
377,ORD-00377,20260123,,23,7,3,2800000,8400000,0.0,キャンセル,中国
378,ORD-00378,20260208,20260212,3,17,5,248000,1240000,0.0,出荷済,東北
379,ORD-00379,20250227,20250311,2,18,50,132600,6630000,0.15,出荷済,東北
380,ORD-00380,20250318,,6,11,50,123250,6162500,0.15,処理中,関東
381,ORD-00381,20251215,,7,19,10,87400,874000,0.05,受注確定,九州
382,ORD-00382,20260219,20260301,2,15,3,68000,204000,0.0,出荷済,東北
383,ORD-00383,20250130,20250213,24,15,10,64600,646000,0.05,出荷済,関東
384,ORD-00384,20250722,,9,1,20,166500,3330000,0.1,キャンセル,関東
385,ORD-00385,20250124,,18,12,3,6500000,19500000,0.0,受注確定,関東
386,ORD-00386,20250205,20250210,20,2,5,45000,225000,0.0,出荷済,中国
387,ORD-00387,20251125,20251205,18,12,5,6500000,32500000,0.0,出荷済,中国
388,ORD-00388,20250713,,16,3,10,121600,1216000,0.05,受注確定,中部
389,ORD-00389,20251201,,14,4,3,320000,960000,0.0,受注確定,九州
390,ORD-00390,20250928,20251005,4,8,5,1650000,8250000,0.0,出荷済,九州
391,ORD-00391,20251211,20251217,23,14,2,4800000,9600000,0.0,出荷済,九州
392,ORD-00392,20250627,20250630,5,9,3,95000,285000,0.0,出荷済,中国
393,ORD-00393,20251205,20251211,18,20,5,890000,4450000,0.0,出荷済,中部
394,ORD-00394,20250204,,3,20,1,890000,890000,0.0,キャンセル,北海道
395,ORD-00395,20251227,20260106,2,8,5,1650000,8250000,0.0,出荷済,中部
396,ORD-00396,20251004,20251010,7,2,3,45000,135000,0.0,出荷済,中国
397,ORD-00397,20260110,20260116,25,11,10,137750,1377500,0.05,出荷済,関西
398,ORD-00398,20260325,20260401,5,17,3,248000,744000,0.0,出荷済,関東
399,ORD-00399,20251013,20251024,26,6,2,4500000,9000000,0.0,出荷済,九州
400,ORD-00400,20250125,20250208,14,13,3,3200000,9600000,0.0,出荷済,九州
401,ORD-00401,20250729,,5,10,5,210000,1050000,0.0,受注確定,九州
402,ORD-00402,20250504,20250514,7,10,50,178500,8925000,0.15,出荷済,関東
403,ORD-00403,20251015,20251024,17,14,2,4800000,9600000,0.0,出荷済,中部
404,ORD-00404,20250511,,7,11,10,137750,1377500,0.05,処理中,中国
405,ORD-00405,20250709,20250712,3,18,20,140400,2808000,0.1,出荷済,関西
406,ORD-00406,20250713,20250719,27,20,1,890000,890000,0.0,出荷済,中国
407,ORD-00407,20260125,20260202,26,18,3,156000,468000,0.0,出荷済,関西
408,ORD-00408,20250108,20250122,7,7,5,2800000,14000000,0.0,出荷済,中国
409,ORD-00409,20250903,20250909,8,20,5,890000,4450000,0.0,出荷済,東北
410,ORD-00410,20250614,20250621,11,13,2,3200000,6400000,0.0,出荷済,関西
411,ORD-00411,20250704,,22,16,10,33250,332500,0.05,処理中,中国
412,ORD-00412,20260306,20260309,13,7,1,2800000,2800000,0.0,出荷済,東北
413,ORD-00413,20260319,,7,5,1,78000,78000,0.0,受注確定,東北
414,ORD-00414,20251024,20251030,18,10,3,210000,630000,0.0,出荷済,九州
415,ORD-00415,20251019,20251026,8,16,10,33250,332500,0.05,出荷済,中国
416,ORD-00416,20260225,20260302,21,16,10,33250,332500,0.05,出荷済,中部
417,ORD-00417,20260104,,23,16,3,35000,105000,0.0,受注確定,北海道
418,ORD-00418,20250131,20250213,23,2,20,40500,810000,0.1,出荷済,関東
419,ORD-00419,20260127,20260131,1,14,1,4800000,4800000,0.0,出荷済,北海道
420,ORD-00420,20250319,20250322,1,7,2,2800000,5600000,0.0,出荷済,東北
421,ORD-00421,20251123,20251126,27,16,10,33250,332500,0.05,出荷済,東北
422,ORD-00422,20251010,20251021,17,1,1,185000,185000,0.0,出荷済,関西
423,ORD-00423,20250109,20250113,22,14,3,4800000,14400000,0.0,出荷済,関東
424,ORD-00424,20250926,,5,8,2,1650000,3300000,0.0,受注確定,関西
425,ORD-00425,20260222,20260302,14,9,20,85500,1710000,0.1,出荷済,九州
426,ORD-00426,20250824,20250831,25,8,10,1567500,15675000,0.05,出荷済,北海道
427,ORD-00427,20260228,20260309,3,2,2,45000,90000,0.0,出荷済,東北
428,ORD-00428,20250901,20250911,2,1,20,166500,3330000,0.1,出荷済,中国
429,ORD-00429,20250811,20250822,14,19,100,78200,7820000,0.15,出荷済,関東
430,ORD-00430,20250428,20250502,7,19,10,87400,874000,0.05,出荷済,北海道
431,ORD-00431,20250524,20250601,23,19,10,87400,874000,0.05,出荷済,関東
432,ORD-00432,20250417,20250421,26,5,20,70200,1404000,0.1,出荷済,関西
433,ORD-00433,20250325,20250407,25,8,3,1650000,4950000,0.0,出荷済,東北
434,ORD-00434,20250619,20250630,16,5,20,70200,1404000,0.1,出荷済,北海道
435,ORD-00435,20250627,20250705,2,4,5,320000,1600000,0.0,出荷済,東北
436,ORD-00436,20260129,20260201,27,20,3,890000,2670000,0.0,出荷済,北海道
437,ORD-00437,20250520,,18,16,3,35000,105000,0.0,受注確定,九州
438,ORD-00438,20250810,20250822,6,19,10,87400,874000,0.05,出荷済,関西
439,ORD-00439,20260213,20260222,8,3,2,128000,256000,0.0,出荷済,北海道
440,ORD-00440,20260206,20260214,30,5,20,70200,1404000,0.1,出荷済,関東
441,ORD-00441,20250216,20250220,1,10,5,210000,1050000,0.0,出荷済,中部
442,ORD-00442,20250214,,6,14,2,4800000,9600000,0.0,受注確定,東北
443,ORD-00443,20250728,,3,1,2,185000,370000,0.0,受注確定,関東
444,ORD-00444,20251102,20251109,27,11,50,123250,6162500,0.15,出荷済,九州
445,ORD-00445,20250718,20250730,3,18,50,132600,6630000,0.15,出荷済,東北
446,ORD-00446,20250328,20250404,16,6,1,4500000,4500000,0.0,出荷済,九州
447,ORD-00447,20250316,20250323,2,6,2,4500000,9000000,0.0,出荷済,九州
448,ORD-00448,20260205,20260219,2,12,1,6500000,6500000,0.0,出荷済,北海道
449,ORD-00449,20250911,20250916,27,20,2,890000,1780000,0.0,出荷済,関西
450,ORD-00450,20250104,20250112,17,11,20,130500,2610000,0.1,出荷済,九州
451,ORD-00451,20250621,20250703,18,20,1,890000,890000,0.0,出荷済,北海道
452,ORD-00452,20250413,20250421,20,11,3,145000,435000,0.0,出荷済,関西
453,ORD-00453,20260112,20260120,30,16,100,29750,2975000,0.15,出荷済,九州
454,ORD-00454,20250524,,17,12,1,6500000,6500000,0.0,キャンセル,中部
455,ORD-00455,20251031,,23,6,2,4500000,9000000,0.0,受注確定,関東
456,ORD-00456,20260108,20260122,20,7,2,2800000,5600000,0.0,出荷済,関東
457,ORD-00457,20260224,20260302,17,16,3,35000,105000,0.0,出荷済,関西
458,ORD-00458,20251204,20251214,5,14,3,4800000,14400000,0.0,出荷済,東北
459,ORD-00459,20250903,20250914,25,13,2,3200000,6400000,0.0,出荷済,関東
460,ORD-00460,20260209,20260213,15,18,10,148200,1482000,0.05,出荷済,中国
461,ORD-00461,20250508,20250520,14,6,2,4500000,9000000,0.0,出荷済,北海道
462,ORD-00462,20251213,20251217,17,11,100,123250,12325000,0.15,出荷済,関東
463,ORD-00463,20250220,,10,8,3,1650000,4950000,0.0,受注確定,東北
464,ORD-00464,20251025,20251104,25,8,3,1650000,4950000,0.0,出荷済,中国
465,ORD-00465,20251214,20251224,26,17,3,248000,744000,0.0,出荷済,関東
466,ORD-00466,20250601,20250609,18,3,2,128000,256000,0.0,出荷済,関西
467,ORD-00467,20250625,20250705,19,7,2,2800000,5600000,0.0,出荷済,関東
468,ORD-00468,20250813,20250827,18,11,2,145000,290000,0.0,出荷済,関東
469,ORD-00469,20250112,20250126,14,4,10,304000,3040000,0.05,出荷済,中部
470,ORD-00470,20250922,,6,18,3,156000,468000,0.0,受注確定,九州
471,ORD-00471,20250825,20250907,8,13,2,3200000,6400000,0.0,出荷済,北海道
472,ORD-00472,20250810,20250820,17,1,20,166500,3330000,0.1,出荷済,東北
473,ORD-00473,20250808,20250815,16,1,20,166500,3330000,0.1,出荷済,中国
474,ORD-00474,20251227,,2,19,2,92000,184000,0.0,受注確定,中部
475,ORD-00475,20250707,20250720,14,7,2,2800000,5600000,0.0,出荷済,中国
476,ORD-00476,20250908,,23,11,10,137750,1377500,0.05,キャンセル,九州
477,ORD-00477,20251028,,3,12,1,6500000,6500000,0.0,処理中,東北
478,ORD-00478,20250330,20250407,12,20,3,890000,2670000,0.0,出荷済,関東
479,ORD-00479,20250503,20250514,12,4,3,320000,960000,0.0,出荷済,九州
480,ORD-00480,20250803,20250808,27,5,10,74100,741000,0.05,出荷済,九州
481,ORD-00481,20251122,,23,6,2,4500000,9000000,0.0,処理中,関西
482,ORD-00482,20250313,,6,11,20,130500,2610000,0.1,キャンセル,関東
483,ORD-00483,20260320,20260329,14,1,10,175750,1757500,0.05,出荷済,東北
484,ORD-00484,20250916,20250930,22,14,2,4800000,9600000,0.0,出荷済,中国
485,ORD-00485,20250816,20250822,21,6,1,4500000,4500000,0.0,出荷済,関西
486,ORD-00486,20250117,20250127,11,8,3,1650000,4950000,0.0,出荷済,東北
487,ORD-00487,20260116,,22,18,10,148200,1482000,0.05,キャンセル,関東
488,ORD-00488,20250518,20250601,23,12,2,6500000,13000000,0.0,出荷済,九州
489,ORD-00489,20251007,20251014,7,14,1,4800000,4800000,0.0,出荷済,中国
490,ORD-00490,20250117,20250127,18,9,5,95000,475000,0.0,出荷済,中国
491,ORD-00491,20250302,,8,7,3,2800000,8400000,0.0,キャンセル,北海道
492,ORD-00492,20250629,20250705,27,14,1,4800000,4800000,0.0,出荷済,中国
493,ORD-00493,20250416,20250428,2,19,5,92000,460000,0.0,出荷済,東北
494,ORD-00494,20250328,20250408,14,10,5,210000,1050000,0.0,出荷済,北海道
495,ORD-00495,20260222,20260225,3,5,100,66300,6630000,0.15,出荷済,関西
496,ORD-00496,20260320,20260326,4,5,3,78000,234000,0.0,出荷済,中国
497,ORD-00497,20260308,20260321,17,16,3,35000,105000,0.0,出荷済,九州
498,ORD-00498,20250712,20250721,18,3,10,121600,1216000,0.05,出荷済,東北
499,ORD-00499,20260119,,11,12,2,6500000,13000000,0.0,処理中,関西
500,ORD-00500,20251025,,1,3,20,115200,2304000,0.1,処理中,北海道
501,ORD-00501,20251207,20251213,14,3,20,115200,2304000,0.1,出荷済,九州
502,ORD-00502,20260227,20260307,7,16,5,35000,175000,0.0,出荷済,東北
503,ORD-00503,20251023,20251105,4,19,50,78200,3910000,0.15,出荷済,中国
504,ORD-00504,20250125,,2,4,10,304000,3040000,0.05,処理中,関東
505,ORD-00505,20250305,20250311,5,15,10,64600,646000,0.05,出荷済,北海道
506,ORD-00506,20250309,20250313,12,6,3,4500000,13500000,0.0,出荷済,北海道
507,ORD-00507,20250704,20250707,9,3,5,128000,640000,0.0,出荷済,九州
508,ORD-00508,20251117,20251201,12,8,3,1650000,4950000,0.0,出荷済,関東
509,ORD-00509,20250101,,7,16,2,35000,70000,0.0,キャンセル,中部
510,ORD-00510,20250923,20250927,18,1,1,185000,185000,0.0,出荷済,中国
511,ORD-00511,20250805,20250809,4,16,2,35000,70000,0.0,出荷済,北海道
512,ORD-00512,20260217,20260222,3,4,5,320000,1600000,0.0,出荷済,九州
513,ORD-00513,20260201,,4,5,2,78000,156000,0.0,キャンセル,関東
514,ORD-00514,20251109,20251122,6,15,5,68000,340000,0.0,出荷済,北海道
515,ORD-00515,20250319,20250323,17,20,5,890000,4450000,0.0,出荷済,関東
516,ORD-00516,20250313,20250322,4,19,20,82800,1656000,0.1,出荷済,関西
517,ORD-00517,20260210,20260216,4,8,2,1650000,3300000,0.0,出荷済,東北
518,ORD-00518,20251104,20251117,27,20,2,890000,1780000,0.0,出荷済,関西
519,ORD-00519,20250416,20250423,23,20,3,890000,2670000,0.0,出荷済,北海道
520,ORD-00520,20250128,20250207,8,16,5,35000,175000,0.0,出荷済,北海道
521,ORD-00521,20251101,20251109,2,17,50,210800,10540000,0.15,出荷済,関西
522,ORD-00522,20250309,,16,19,5,92000,460000,0.0,受注確定,北海道
523,ORD-00523,20250330,20250402,20,3,1,128000,128000,0.0,出荷済,関西
524,ORD-00524,20250421,20250502,2,2,50,38250,1912500,0.15,出荷済,関西
525,ORD-00525,20251118,20251122,22,14,2,4800000,9600000,0.0,出荷済,北海道
526,ORD-00526,20251002,20251009,23,20,2,890000,1780000,0.0,出荷済,関東
527,ORD-00527,20250919,20251001,7,5,10,74100,741000,0.05,出荷済,北海道
528,ORD-00528,20260126,20260129,2,10,10,199500,1995000,0.05,出荷済,中部
529,ORD-00529,20250214,,18,4,10,304000,3040000,0.05,キャンセル,関東
530,ORD-00530,20250608,20250622,6,4,1,320000,320000,0.0,出荷済,関東
531,ORD-00531,20250325,20250330,22,12,2,6500000,13000000,0.0,出荷済,関西
532,ORD-00532,20250306,20250314,11,4,20,288000,5760000,0.1,出荷済,中国
533,ORD-00533,20250808,,11,17,2,248000,496000,0.0,キャンセル,北海道
534,ORD-00534,20250209,20250219,22,15,10,64600,646000,0.05,出荷済,中国
535,ORD-00535,20251018,20251030,6,12,1,6500000,6500000,0.0,出荷済,北海道
536,ORD-00536,20260106,20260109,3,8,5,1650000,8250000,0.0,出荷済,中国
537,ORD-00537,20260318,20260327,1,8,1,1650000,1650000,0.0,出荷済,中部
538,ORD-00538,20250402,20250408,1,18,20,140400,2808000,0.1,出荷済,関西
539,ORD-00539,20250508,20250520,18,11,5,145000,725000,0.0,出荷済,関西
540,ORD-00540,20250303,,22,2,3,45000,135000,0.0,受注確定,関東
541,ORD-00541,20250725,20250802,2,15,50,57800,2890000,0.15,出荷済,関東
542,ORD-00542,20251011,20251023,19,1,5,185000,925000,0.0,出荷済,中国
543,ORD-00543,20250605,,28,8,3,1650000,4950000,0.0,キャンセル,九州
544,ORD-00544,20260131,20260205,7,18,20,140400,2808000,0.1,出荷済,関東
545,ORD-00545,20250729,20250806,1,8,3,1650000,4950000,0.0,出荷済,関東
546,ORD-00546,20260124,,16,10,2,210000,420000,0.0,受注確定,中部
547,ORD-00547,20250803,20250817,21,2,100,38250,3825000,0.15,出荷済,関西
548,ORD-00548,20250217,,2,8,10,1567500,15675000,0.05,受注確定,九州
549,ORD-00549,20251225,20260106,16,15,100,57800,5780000,0.15,出荷済,関東
550,ORD-00550,20250916,,4,13,1,3200000,3200000,0.0,キャンセル,関東
551,ORD-00551,20250811,20250820,4,8,2,1650000,3300000,0.0,出荷済,北海道
552,ORD-00552,20260302,20260306,14,11,10,137750,1377500,0.05,出荷済,中部
553,ORD-00553,20250311,20250321,25,4,3,320000,960000,0.0,出荷済,九州
554,ORD-00554,20250610,20250620,17,4,10,304000,3040000,0.05,出荷済,関西
555,ORD-00555,20250826,20250909,10,4,2,320000,640000,0.0,出荷済,北海道
556,ORD-00556,20251105,20251110,2,7,3,2800000,8400000,0.0,出荷済,関東
557,ORD-00557,20251231,20260113,8,12,1,6500000,6500000,0.0,出荷済,関西
558,ORD-00558,20250514,,6,1,100,157250,15725000,0.15,処理中,東北
559,ORD-00559,20260119,20260124,23,8,1,1650000,1650000,0.0,出荷済,関東
560,ORD-00560,20250107,20250115,2,8,1,1650000,1650000,0.0,出荷済,北海道
561,ORD-00561,20251119,20251122,3,19,10,87400,874000,0.05,出荷済,関東
562,ORD-00562,20250412,20250416,18,5,2,78000,156000,0.0,出荷済,関東
563,ORD-00563,20250825,20250908,2,6,5,4500000,22500000,0.0,出荷済,九州
564,ORD-00564,20250912,20250920,1,13,2,3200000,6400000,0.0,出荷済,中部
565,ORD-00565,20250406,20250409,11,9,5,95000,475000,0.0,出荷済,東北
566,ORD-00566,20251114,,27,8,5,1650000,8250000,0.0,処理中,九州
567,ORD-00567,20260328,20260406,23,16,2,35000,70000,0.0,出荷済,中部
568,ORD-00568,20250803,,7,17,3,248000,744000,0.0,受注確定,中国
569,ORD-00569,20250110,,16,12,2,6500000,13000000,0.0,処理中,関西
570,ORD-00570,20251017,20251020,22,11,5,145000,725000,0.0,出荷済,関西
571,ORD-00571,20251102,20251105,7,1,50,157250,7862500,0.15,出荷済,中国
572,ORD-00572,20250830,20250904,23,12,3,6500000,19500000,0.0,出荷済,関東
573,ORD-00573,20250507,20250513,8,9,10,90250,902500,0.05,出荷済,東北
574,ORD-00574,20260310,20260315,16,12,5,6500000,32500000,0.0,出荷済,中部
575,ORD-00575,20251031,20251114,13,12,5,6500000,32500000,0.0,出荷済,北海道
576,ORD-00576,20250630,20250710,25,19,3,92000,276000,0.0,出荷済,東北
577,ORD-00577,20250608,20250614,6,16,1,35000,35000,0.0,出荷済,東北
578,ORD-00578,20250423,20250505,1,17,10,235600,2356000,0.05,出荷済,中部
579,ORD-00579,20260217,20260220,4,11,20,130500,2610000,0.1,出荷済,関東
580,ORD-00580,20250317,,26,5,20,70200,1404000,0.1,受注確定,中国
581,ORD-00581,20250706,20250718,2,12,3,6500000,19500000,0.0,出荷済,関東
582,ORD-00582,20250622,20250706,12,11,3,145000,435000,0.0,出荷済,九州
583,ORD-00583,20260210,20260224,30,16,10,33250,332500,0.05,出荷済,東北
584,ORD-00584,20251222,,27,12,1,6500000,6500000,0.0,キャンセル,中国
585,ORD-00585,20250331,20250405,16,10,20,189000,3780000,0.1,出荷済,中部
586,ORD-00586,20260109,,1,19,5,92000,460000,0.0,キャンセル,関東
587,ORD-00587,20250404,,27,11,50,123250,6162500,0.15,キャンセル,中部
588,ORD-00588,20251124,20251202,25,4,50,272000,13600000,0.15,出荷済,北海道
589,ORD-00589,20250209,20250222,8,12,5,6500000,32500000,0.0,出荷済,関東
590,ORD-00590,20260225,20260303,30,11,5,145000,725000,0.0,出荷済,中部
591,ORD-00591,20251221,20260104,2,12,1,6500000,6500000,0.0,出荷済,関東
592,ORD-00592,20250125,20250203,16,15,20,61200,1224000,0.1,出荷済,九州
593,ORD-00593,20260328,20260407,16,12,2,6500000,13000000,0.0,出荷済,中国
594,ORD-00594,20260319,20260322,25,8,2,1650000,3300000,0.0,出荷済,関西
595,ORD-00595,20250111,20250119,13,9,100,80750,8075000,0.15,出荷済,中部
596,ORD-00596,20260331,,16,6,3,4500000,13500000,0.0,受注確定,関東
597,ORD-00597,20250623,20250702,27,20,10,845500,8455000,0.05,出荷済,北海道
598,ORD-00598,20250326,20250403,27,14,1,4800000,4800000,0.0,出荷済,中部
599,ORD-00599,20250408,,17,18,20,140400,2808000,0.1,受注確定,関西
600,ORD-00600,20251205,20251214,11,10,3,210000,630000,0.0,出荷済,東北
601,ORD-00601,20251009,20251018,21,5,2,78000,156000,0.0,出荷済,関東
602,ORD-00602,20250531,20250603,29,20,3,890000,2670000,0.0,出荷済,中部
603,ORD-00603,20250329,,30,10,100,178500,17850000,0.15,処理中,中国
604,ORD-00604,20250301,20250305,12,13,2,3200000,6400000,0.0,出荷済,北海道
605,ORD-00605,20251006,20251014,16,6,1,4500000,4500000,0.0,出荷済,中部
606,ORD-00606,20250817,20250823,2,9,5,95000,475000,0.0,出荷済,中国
607,ORD-00607,20250518,20250522,25,2,3,45000,135000,0.0,出荷済,北海道
608,ORD-00608,20250626,,23,14,5,4800000,24000000,0.0,キャンセル,中部
609,ORD-00609,20251011,20251022,2,13,3,3200000,9600000,0.0,出荷済,北海道
610,ORD-00610,20260320,,20,19,50,78200,3910000,0.15,処理中,関西
611,ORD-00611,20250210,,17,2,10,42750,427500,0.05,受注確定,中国
612,ORD-00612,20251020,,28,5,2,78000,156000,0.0,処理中,中部
613,ORD-00613,20250327,20250331,7,7,1,2800000,2800000,0.0,出荷済,北海道
614,ORD-00614,20250811,20250819,7,5,20,70200,1404000,0.1,出荷済,北海道
615,ORD-00615,20260218,20260301,2,3,5,128000,640000,0.0,出荷済,関西
616,ORD-00616,20260315,20260329,11,17,10,235600,2356000,0.05,出荷済,東北
617,ORD-00617,20251028,20251102,23,14,1,4800000,4800000,0.0,出荷済,東北
618,ORD-00618,20251029,,25,4,50,272000,13600000,0.15,キャンセル,中国
619,ORD-00619,20250221,20250228,11,18,50,132600,6630000,0.15,出荷済,九州
620,ORD-00620,20251202,20251207,21,19,10,87400,874000,0.05,出荷済,関西
621,ORD-00621,20250726,20250729,5,20,5,890000,4450000,0.0,出荷済,九州
622,ORD-00622,20260327,,14,8,1,1650000,1650000,0.0,処理中,関西
623,ORD-00623,20250710,20250717,1,11,20,130500,2610000,0.1,出荷済,関西
624,ORD-00624,20260308,20260313,21,4,100,272000,27200000,0.15,出荷済,関西
625,ORD-00625,20260116,20260128,18,11,5,145000,725000,0.0,出荷済,北海道
626,ORD-00626,20250215,20250301,7,15,3,68000,204000,0.0,出荷済,九州
627,ORD-00627,20260124,,23,12,3,6500000,19500000,0.0,受注確定,中国
628,ORD-00628,20250323,20250328,2,10,20,189000,3780000,0.1,出荷済,中国
629,ORD-00629,20260312,20260318,23,19,1,92000,92000,0.0,出荷済,中国
630,ORD-00630,20250130,20250213,8,2,10,42750,427500,0.05,出荷済,中部
631,ORD-00631,20250521,20250603,16,15,10,64600,646000,0.05,出荷済,関東
632,ORD-00632,20250504,20250514,16,16,10,33250,332500,0.05,出荷済,東北
633,ORD-00633,20251010,20251024,14,12,1,6500000,6500000,0.0,出荷済,中国
634,ORD-00634,20251219,20251224,3,10,1,210000,210000,0.0,出荷済,中国
635,ORD-00635,20251020,20251027,7,8,5,1650000,8250000,0.0,出荷済,北海道
636,ORD-00636,20250729,20250808,22,1,50,157250,7862500,0.15,出荷済,中部
637,ORD-00637,20251128,20251205,6,20,5,890000,4450000,0.0,出荷済,東北
638,ORD-00638,20260217,20260225,12,9,5,95000,475000,0.0,出荷済,九州
639,ORD-00639,20250510,,7,15,5,68000,340000,0.0,受注確定,中国
640,ORD-00640,20251116,,17,19,2,92000,184000,0.0,受注確定,北海道
641,ORD-00641,20260308,,16,18,10,148200,1482000,0.05,キャンセル,関西
642,ORD-00642,20250602,20250615,3,16,2,35000,70000,0.0,出荷済,関西
643,ORD-00643,20260318,20260324,11,9,10,90250,902500,0.05,出荷済,中部
644,ORD-00644,20250922,,8,2,20,40500,810000,0.1,キャンセル,九州
645,ORD-00645,20251205,,13,5,20,70200,1404000,0.1,処理中,関西
646,ORD-00646,20250513,20250525,18,13,1,3200000,3200000,0.0,出荷済,北海道
647,ORD-00647,20251020,20251102,7,11,20,130500,2610000,0.1,出荷済,東北
648,ORD-00648,20251123,20251206,20,12,2,6500000,13000000,0.0,出荷済,東北
649,ORD-00649,20250403,20250417,12,4,10,304000,3040000,0.05,出荷済,中国
650,ORD-00650,20251014,20251022,6,11,10,137750,1377500,0.05,出荷済,中部
651,ORD-00651,20260117,20260125,12,14,3,4800000,14400000,0.0,出荷済,関西
652,ORD-00652,20251027,,12,15,50,57800,2890000,0.15,処理中,関東
653,ORD-00653,20260320,,30,19,10,87400,874000,0.05,キャンセル,関東
654,ORD-00654,20250830,20250910,7,17,2,248000,496000,0.0,出荷済,関西
655,ORD-00655,20250731,20250808,2,5,3,78000,234000,0.0,出荷済,九州
656,ORD-00656,20251019,20251023,19,5,5,78000,390000,0.0,出荷済,九州
657,ORD-00657,20250620,20250623,29,6,1,4500000,4500000,0.0,出荷済,九州
658,ORD-00658,20250521,20250531,7,6,2,4500000,9000000,0.0,出荷済,中国
659,ORD-00659,20260126,20260204,3,5,10,74100,741000,0.05,出荷済,九州
660,ORD-00660,20250902,20250916,16,1,1,185000,185000,0.0,出荷済,関西
661,ORD-00661,20250108,20250121,14,17,3,248000,744000,0.0,出荷済,北海道
662,ORD-00662,20250508,20250517,7,12,1,6500000,6500000,0.0,出荷済,東北
663,ORD-00663,20251029,20251105,12,6,1,4500000,4500000,0.0,出荷済,関西
664,ORD-00664,20250822,20250904,23,20,3,890000,2670000,0.0,出荷済,中部
665,ORD-00665,20250625,20250704,21,12,3,6500000,19500000,0.0,出荷済,関東
666,ORD-00666,20250427,20250509,7,5,3,78000,234000,0.0,出荷済,東北
667,ORD-00667,20250328,20250406,4,12,3,6500000,19500000,0.0,出荷済,北海道
668,ORD-00668,20250511,20250524,23,20,1,890000,890000,0.0,出荷済,関東
669,ORD-00669,20251201,20251211,1,2,10,42750,427500,0.05,出荷済,九州
670,ORD-00670,20250305,20250311,23,9,10,90250,902500,0.05,出荷済,北海道
671,ORD-00671,20251218,20251231,29,1,5,185000,925000,0.0,出荷済,東北
672,ORD-00672,20250519,20250523,28,20,5,890000,4450000,0.0,出荷済,東北
673,ORD-00673,20260104,20260114,28,4,5,320000,1600000,0.0,出荷済,中部
674,ORD-00674,20251108,20251116,7,9,20,85500,1710000,0.1,出荷済,北海道
675,ORD-00675,20250729,,12,6,1,4500000,4500000,0.0,処理中,中部
676,ORD-00676,20251219,20260101,20,11,3,145000,435000,0.0,出荷済,関東
677,ORD-00677,20250226,20250309,25,16,3,35000,105000,0.0,出荷済,関東
678,ORD-00678,20260106,,3,9,10,90250,902500,0.05,処理中,関西
679,ORD-00679,20250516,20250519,20,2,2,45000,90000,0.0,出荷済,中国
680,ORD-00680,20250529,20250602,15,11,5,145000,725000,0.0,出荷済,中国
681,ORD-00681,20260124,20260201,2,1,50,157250,7862500,0.15,出荷済,関西
682,ORD-00682,20250813,20250821,28,9,50,80750,4037500,0.15,出荷済,中国
683,ORD-00683,20250625,,6,4,5,320000,1600000,0.0,処理中,関西
684,ORD-00684,20260304,20260308,16,16,20,31500,630000,0.1,出荷済,中部
685,ORD-00685,20251223,,2,6,1,4500000,4500000,0.0,キャンセル,九州
686,ORD-00686,20260215,20260223,25,15,3,68000,204000,0.0,出荷済,東北
687,ORD-00687,20250115,20250124,4,16,50,29750,1487500,0.15,出荷済,九州
688,ORD-00688,20250124,20250207,2,9,10,90250,902500,0.05,出荷済,中国
689,ORD-00689,20251214,20251227,23,19,20,82800,1656000,0.1,出荷済,中国
690,ORD-00690,20250623,,23,17,10,235600,2356000,0.05,キャンセル,関東
691,ORD-00691,20250810,20250815,8,16,5,35000,175000,0.0,出荷済,中国
692,ORD-00692,20260228,20260311,24,20,1,890000,890000,0.0,出荷済,中国
693,ORD-00693,20250829,,22,6,1,4500000,4500000,0.0,処理中,関西
694,ORD-00694,20250504,20250515,14,9,2,95000,190000,0.0,出荷済,北海道
695,ORD-00695,20250713,,17,8,1,1650000,1650000,0.0,処理中,中国
696,ORD-00696,20251021,,18,3,50,108800,5440000,0.15,処理中,関西
697,ORD-00697,20250302,20250305,22,1,2,185000,370000,0.0,出荷済,東北
698,ORD-00698,20251009,,1,3,20,115200,2304000,0.1,キャンセル,北海道
699,ORD-00699,20250605,,22,18,3,156000,468000,0.0,処理中,関西
700,ORD-00700,20250706,20250717,2,8,5,1650000,8250000,0.0,出荷済,中国
701,ORD-00701,20251114,20251128,27,16,20,31500,630000,0.1,出荷済,九州
702,ORD-00702,20250228,20250313,3,8,1,1650000,1650000,0.0,出荷済,中国
703,ORD-00703,20250530,20250602,23,17,5,248000,1240000,0.0,出荷済,中部
704,ORD-00704,20250910,,4,14,1,4800000,4800000,0.0,キャンセル,中部
705,ORD-00705,20250407,20250421,4,13,1,3200000,3200000,0.0,出荷済,関西
706,ORD-00706,20250225,,18,2,50,38250,1912500,0.15,キャンセル,関東
707,ORD-00707,20260131,,18,15,10,64600,646000,0.05,受注確定,中部
708,ORD-00708,20250913,,1,17,20,223200,4464000,0.1,受注確定,九州
709,ORD-00709,20260306,20260320,25,16,50,29750,1487500,0.15,出荷済,東北
710,ORD-00710,20250330,,4,4,5,320000,1600000,0.0,キャンセル,東北
711,ORD-00711,20260328,20260409,14,17,50,210800,10540000,0.15,出荷済,北海道
712,ORD-00712,20260126,20260202,8,9,5,95000,475000,0.0,出荷済,九州
713,ORD-00713,20260217,,4,5,5,78000,390000,0.0,受注確定,関西
714,ORD-00714,20260308,,23,11,20,130500,2610000,0.1,受注確定,北海道
715,ORD-00715,20250422,20250505,7,7,2,2800000,5600000,0.0,出荷済,関西
716,ORD-00716,20251211,20251225,4,6,2,4500000,9000000,0.0,出荷済,関東
717,ORD-00717,20260125,,14,18,10,148200,1482000,0.05,キャンセル,北海道
718,ORD-00718,20251230,20260102,18,18,5,156000,780000,0.0,出荷済,東北
719,ORD-00719,20250224,20250302,1,13,1,3200000,3200000,0.0,出荷済,関西
720,ORD-00720,20260120,20260123,5,10,10,199500,1995000,0.05,出荷済,北海道
721,ORD-00721,20260206,20260214,12,7,3,2800000,8400000,0.0,出荷済,中国
722,ORD-00722,20250820,,3,20,10,845500,8455000,0.05,受注確定,中国
723,ORD-00723,20250425,20250509,24,13,1,3200000,3200000,0.0,出荷済,北海道
724,ORD-00724,20250125,20250205,16,13,2,3200000,6400000,0.0,出荷済,関東
725,ORD-00725,20250107,,9,7,2,2800000,5600000,0.0,処理中,中国
726,ORD-00726,20250426,,30,12,3,6500000,19500000,0.0,受注確定,北海道
727,ORD-00727,20251105,20251118,7,7,1,2800000,2800000,0.0,出荷済,関東
728,ORD-00728,20250406,20250415,6,17,2,248000,496000,0.0,出荷済,関西
729,ORD-00729,20251012,20251015,10,5,3,78000,234000,0.0,出荷済,関西
730,ORD-00730,20250827,20250908,5,2,3,45000,135000,0.0,出荷済,関東
731,ORD-00731,20260201,20260211,29,20,5,890000,4450000,0.0,出荷済,中国
732,ORD-00732,20251021,20251101,23,12,1,6500000,6500000,0.0,出荷済,中部
733,ORD-00733,20250405,20250414,23,3,20,115200,2304000,0.1,出荷済,東北
734,ORD-00734,20251002,20251015,17,3,5,128000,640000,0.0,出荷済,関西
735,ORD-00735,20250619,,15,10,3,210000,630000,0.0,キャンセル,東北
736,ORD-00736,20250901,20250911,24,1,2,185000,370000,0.0,出荷済,中部
737,ORD-00737,20251125,20251208,27,20,2,890000,1780000,0.0,出荷済,関西
738,ORD-00738,20250715,20250718,3,13,1,3200000,3200000,0.0,出荷済,東北
739,ORD-00739,20260225,,16,17,20,223200,4464000,0.1,処理中,九州
740,ORD-00740,20250123,20250127,12,7,1,2800000,2800000,0.0,出荷済,中部
741,ORD-00741,20260131,20260206,23,18,1,156000,156000,0.0,出荷済,北海道
742,ORD-00742,20251119,20251130,7,14,3,4800000,14400000,0.0,出荷済,中国
743,ORD-00743,20251226,20251229,18,3,20,115200,2304000,0.1,出荷済,九州
744,ORD-00744,20260103,20260108,14,2,2,45000,90000,0.0,出荷済,中国
745,ORD-00745,20250509,20250516,24,3,10,121600,1216000,0.05,出荷済,九州
746,ORD-00746,20250718,20250727,18,13,2,3200000,6400000,0.0,出荷済,北海道
747,ORD-00747,20250302,,23,1,10,175750,1757500,0.05,キャンセル,関東
748,ORD-00748,20260123,20260131,25,2,20,40500,810000,0.1,出荷済,東北
749,ORD-00749,20250224,20250306,12,10,10,199500,1995000,0.05,出荷済,九州
750,ORD-00750,20250722,20250727,1,16,3,35000,105000,0.0,出荷済,北海道
751,ORD-00751,20250720,20250727,23,10,100,178500,17850000,0.15,出荷済,北海道
752,ORD-00752,20260331,,16,1,10,175750,1757500,0.05,受注確定,中部
753,ORD-00753,20250305,20250316,2,1,10,175750,1757500,0.05,出荷済,東北
754,ORD-00754,20250213,20250219,12,7,3,2800000,8400000,0.0,出荷済,九州
755,ORD-00755,20251127,20251209,22,5,3,78000,234000,0.0,出荷済,中国
756,ORD-00756,20250510,,7,4,3,320000,960000,0.0,キャンセル,中国
757,ORD-00757,20250128,20250204,23,15,10,64600,646000,0.05,出荷済,北海道
758,ORD-00758,20250204,,9,4,3,320000,960000,0.0,キャンセル,九州
759,ORD-00759,20250619,20250623,14,5,10,74100,741000,0.05,出荷済,関西
760,ORD-00760,20251114,,2,7,1,2800000,2800000,0.0,処理中,関西
761,ORD-00761,20251112,,12,19,3,92000,276000,0.0,キャンセル,関西
762,ORD-00762,20260218,20260224,13,14,1,4800000,4800000,0.0,出荷済,中国
763,ORD-00763,20250424,20250507,18,9,20,85500,1710000,0.1,出荷済,北海道
764,ORD-00764,20250619,20250629,20,15,5,68000,340000,0.0,出荷済,東北
765,ORD-00765,20250225,20250302,6,20,1,890000,890000,0.0,出荷済,東北
766,ORD-00766,20250411,20250422,10,3,20,115200,2304000,0.1,出荷済,北海道
767,ORD-00767,20250116,,25,19,5,92000,460000,0.0,キャンセル,中部
768,ORD-00768,20250119,,23,9,10,90250,902500,0.05,受注確定,九州
769,ORD-00769,20251201,,5,12,1,6500000,6500000,0.0,キャンセル,北海道
770,ORD-00770,20260315,,12,5,10,74100,741000,0.05,受注確定,関東
771,ORD-00771,20250723,20250804,15,17,1,248000,248000,0.0,出荷済,北海道
772,ORD-00772,20250326,20250407,22,5,5,78000,390000,0.0,出荷済,東北
773,ORD-00773,20251204,20251210,5,16,50,29750,1487500,0.15,出荷済,中国
774,ORD-00774,20250907,20250910,8,3,5,128000,640000,0.0,出荷済,北海道
775,ORD-00775,20250416,,23,12,1,6500000,6500000,0.0,処理中,関東
776,ORD-00776,20250121,,14,4,20,288000,5760000,0.1,受注確定,北海道
777,ORD-00777,20260301,,11,9,10,90250,902500,0.05,キャンセル,中部
778,ORD-00778,20250712,20250723,16,12,2,6500000,13000000,0.0,出荷済,関西
779,ORD-00779,20250712,20250722,7,17,5,248000,1240000,0.0,出荷済,中国
780,ORD-00780,20250904,20250914,27,1,10,175750,1757500,0.05,出荷済,中部
781,ORD-00781,20250428,20250503,2,17,10,235600,2356000,0.05,出荷済,中部
782,ORD-00782,20250322,20250404,15,20,5,890000,4450000,0.0,出荷済,中部
783,ORD-00783,20250801,,14,4,10,304000,3040000,0.05,処理中,九州
784,ORD-00784,20250418,20250421,26,6,2,4500000,9000000,0.0,出荷済,中部
785,ORD-00785,20250123,20250205,4,19,10,87400,874000,0.05,出荷済,東北
786,ORD-00786,20250121,20250126,25,5,2,78000,156000,0.0,出荷済,東北
787,ORD-00787,20250727,20250731,27,19,10,87400,874000,0.05,出荷済,中部
788,ORD-00788,20250818,20250824,27,16,50,29750,1487500,0.15,出荷済,中国
789,ORD-00789,20250730,20250811,27,5,20,70200,1404000,0.1,出荷済,北海道
790,ORD-00790,20250919,20250929,10,6,3,4500000,13500000,0.0,出荷済,東北
791,ORD-00791,20251030,20251103,2,8,3,1650000,4950000,0.0,出荷済,関東
792,ORD-00792,20250414,20250426,23,17,10,235600,2356000,0.05,出荷済,関東
793,ORD-00793,20250401,,20,20,3,890000,2670000,0.0,受注確定,東北
794,ORD-00794,20260121,20260202,4,3,10,121600,1216000,0.05,出荷済,東北
795,ORD-00795,20260228,20260303,1,14,2,4800000,9600000,0.0,出荷済,北海道
796,ORD-00796,20250929,,18,8,10,1567500,15675000,0.05,処理中,中国
797,ORD-00797,20260129,,16,12,2,6500000,13000000,0.0,キャンセル,関東
798,ORD-00798,20250806,20250810,4,9,10,90250,902500,0.05,出荷済,関西
799,ORD-00799,20251103,20251117,23,14,1,4800000,4800000,0.0,出荷済,北海道
800,ORD-00800,20260209,,1,19,10,87400,874000,0.05,受注確定,関東
801,ORD-00801,20250712,20250717,7,11,5,145000,725000,0.0,出荷済,九州
802,ORD-00802,20251130,,25,9,5,95000,475000,0.0,受注確定,九州
803,ORD-00803,20251017,20251023,15,20,2,890000,1780000,0.0,出荷済,九州
804,ORD-00804,20251010,,24,16,3,35000,105000,0.0,受注確定,東北
805,ORD-00805,20250905,20250919,9,10,10,199500,1995000,0.05,出荷済,中部
806,ORD-00806,20260314,20260318,4,8,3,1650000,4950000,0.0,出荷済,中部
807,ORD-00807,20250918,,17,11,20,130500,2610000,0.1,キャンセル,北海道
808,ORD-00808,20251217,20251221,2,6,1,4500000,4500000,0.0,出荷済,中国
809,ORD-00809,20250316,20250323,20,20,3,890000,2670000,0.0,出荷済,中部
810,ORD-00810,20250709,20250718,3,20,1,890000,890000,0.0,出荷済,東北
811,ORD-00811,20251202,,23,10,20,189000,3780000,0.1,キャンセル,関東
812,ORD-00812,20260201,20260214,6,16,5,35000,175000,0.0,出荷済,中国
813,ORD-00813,20250923,,11,7,1,2800000,2800000,0.0,キャンセル,東北
814,ORD-00814,20250922,20250930,8,20,2,890000,1780000,0.0,出荷済,中部
815,ORD-00815,20251202,20251211,1,6,1,4500000,4500000,0.0,出荷済,関西
816,ORD-00816,20251209,,17,13,2,3200000,6400000,0.0,受注確定,関東
817,ORD-00817,20260113,,2,3,10,121600,1216000,0.05,受注確定,東北
818,ORD-00818,20250628,20250708,14,9,3,95000,285000,0.0,出荷済,九州
819,ORD-00819,20251022,,1,9,3,95000,285000,0.0,受注確定,関東
820,ORD-00820,20251014,20251025,2,17,5,248000,1240000,0.0,出荷済,関西
821,ORD-00821,20260325,,23,19,5,92000,460000,0.0,処理中,九州
822,ORD-00822,20251016,,20,8,5,1650000,8250000,0.0,処理中,北海道
823,ORD-00823,20250824,20250828,26,1,10,175750,1757500,0.05,出荷済,九州
824,ORD-00824,20251121,20251129,7,8,5,1650000,8250000,0.0,出荷済,東北
825,ORD-00825,20251002,20251011,1,9,3,95000,285000,0.0,出荷済,北海道
826,ORD-00826,20260119,20260129,14,3,10,121600,1216000,0.05,出荷済,関西
827,ORD-00827,20250701,20250711,7,19,5,92000,460000,0.0,出荷済,北海道
828,ORD-00828,20250413,20250419,8,8,10,1567500,15675000,0.05,出荷済,中部
829,ORD-00829,20260304,20260308,8,20,3,890000,2670000,0.0,出荷済,関東
830,ORD-00830,20251213,,22,20,1,890000,890000,0.0,受注確定,関東
831,ORD-00831,20260311,,20,12,2,6500000,13000000,0.0,処理中,東北
832,ORD-00832,20260321,,11,16,3,35000,105000,0.0,受注確定,関西
833,ORD-00833,20250723,,7,19,2,92000,184000,0.0,受注確定,中国
834,ORD-00834,20250805,20250814,20,18,1,156000,156000,0.0,出荷済,中国
835,ORD-00835,20251218,,6,15,100,57800,5780000,0.15,受注確定,九州
836,ORD-00836,20250611,20250623,1,1,10,175750,1757500,0.05,出荷済,関東
837,ORD-00837,20250616,20250627,15,20,10,845500,8455000,0.05,出荷済,関西
838,ORD-00838,20250502,20250510,11,16,100,29750,2975000,0.15,出荷済,中部
839,ORD-00839,20250913,20250921,18,7,2,2800000,5600000,0.0,出荷済,中国
840,ORD-00840,20250725,20250806,11,15,3,68000,204000,0.0,出荷済,北海道
841,ORD-00841,20250428,,3,9,20,85500,1710000,0.1,受注確定,九州
842,ORD-00842,20260315,20260325,16,7,1,2800000,2800000,0.0,出荷済,中国
843,ORD-00843,20250105,,6,14,2,4800000,9600000,0.0,受注確定,東北
844,ORD-00844,20260104,,13,16,5,35000,175000,0.0,受注確定,中国
845,ORD-00845,20251018,20251021,2,13,1,3200000,3200000,0.0,出荷済,中部
846,ORD-00846,20260221,20260303,9,16,20,31500,630000,0.1,出荷済,北海道
847,ORD-00847,20250621,,10,12,1,6500000,6500000,0.0,受注確定,中国
848,ORD-00848,20250512,20250525,14,1,5,185000,925000,0.0,出荷済,東北
849,ORD-00849,20250412,,25,19,10,87400,874000,0.05,受注確定,中部
850,ORD-00850,20260204,,11,12,1,6500000,6500000,0.0,受注確定,九州
851,ORD-00851,20260201,20260211,18,3,5,128000,640000,0.0,出荷済,北海道
852,ORD-00852,20250316,,6,11,5,145000,725000,0.0,キャンセル,東北
853,ORD-00853,20250727,20250804,2,3,3,128000,384000,0.0,出荷済,関西
854,ORD-00854,20251201,20251208,12,9,10,90250,902500,0.05,出荷済,九州
855,ORD-00855,20260204,,15,19,10,87400,874000,0.05,処理中,九州
856,ORD-00856,20250327,20250409,6,1,2,185000,370000,0.0,出荷済,関西
857,ORD-00857,20260116,20260120,3,7,1,2800000,2800000,0.0,出荷済,関東
858,ORD-00858,20260326,20260406,20,18,2,156000,312000,0.0,出荷済,中国
859,ORD-00859,20250212,20250225,3,9,10,90250,902500,0.05,出荷済,九州
860,ORD-00860,20250608,,8,8,5,1650000,8250000,0.0,処理中,北海道
861,ORD-00861,20250306,20250309,4,17,20,223200,4464000,0.1,出荷済,北海道
862,ORD-00862,20250702,,14,16,10,33250,332500,0.05,受注確定,関西
863,ORD-00863,20251008,,18,5,100,66300,6630000,0.15,受注確定,中部
864,ORD-00864,20251030,,27,15,10,64600,646000,0.05,キャンセル,九州
865,ORD-00865,20250926,20251006,30,18,5,156000,780000,0.0,出荷済,東北
866,ORD-00866,20250427,20250504,3,15,5,68000,340000,0.0,出荷済,中部
867,ORD-00867,20250605,20250613,1,1,10,175750,1757500,0.05,出荷済,関西
868,ORD-00868,20250829,,23,1,10,175750,1757500,0.05,処理中,中国
869,ORD-00869,20250902,20250914,12,1,20,166500,3330000,0.1,出荷済,中部
870,ORD-00870,20260212,20260223,1,18,5,156000,780000,0.0,出荷済,九州
871,ORD-00871,20250722,20250731,8,6,3,4500000,13500000,0.0,出荷済,中部
872,ORD-00872,20250515,,3,14,2,4800000,9600000,0.0,受注確定,中国
873,ORD-00873,20260214,,27,9,5,95000,475000,0.0,受注確定,中国
874,ORD-00874,20250518,20250523,17,7,3,2800000,8400000,0.0,出荷済,関西
875,ORD-00875,20250226,20250312,30,15,10,64600,646000,0.05,出荷済,東北
876,ORD-00876,20250909,20250920,7,11,1,145000,145000,0.0,出荷済,関東
877,ORD-00877,20250406,,3,10,5,210000,1050000,0.0,処理中,北海道
878,ORD-00878,20250105,,8,3,3,128000,384000,0.0,処理中,中部
879,ORD-00879,20250625,,18,10,20,189000,3780000,0.1,処理中,関西
880,ORD-00880,20250826,20250829,1,11,2,145000,290000,0.0,出荷済,関西
881,ORD-00881,20260202,20260208,17,3,10,121600,1216000,0.05,出荷済,中国
882,ORD-00882,20250509,20250518,16,1,2,185000,370000,0.0,出荷済,中国
883,ORD-00883,20250815,20250826,8,2,3,45000,135000,0.0,出荷済,北海道
884,ORD-00884,20250417,20250425,20,13,2,3200000,6400000,0.0,出荷済,中部
885,ORD-00885,20251119,20251129,2,18,10,148200,1482000,0.05,出荷済,北海道
886,ORD-00886,20250602,20250606,7,12,3,6500000,19500000,0.0,出荷済,中部
887,ORD-00887,20251121,20251203,18,11,1,145000,145000,0.0,出荷済,関東
888,ORD-00888,20250722,,8,1,100,157250,15725000,0.15,キャンセル,中国
889,ORD-00889,20251220,20251226,20,20,2,890000,1780000,0.0,出荷済,中部
890,ORD-00890,20250913,20250916,3,20,2,890000,1780000,0.0,出荷済,関西
891,ORD-00891,20251127,20251207,5,18,20,140400,2808000,0.1,出荷済,中部
892,ORD-00892,20250612,,24,12,3,6500000,19500000,0.0,処理中,北海道
893,ORD-00893,20250409,20250416,1,13,1,3200000,3200000,0.0,出荷済,関東
894,ORD-00894,20250906,,18,18,5,156000,780000,0.0,処理中,中部
895,ORD-00895,20251018,,6,18,5,156000,780000,0.0,処理中,関西
896,ORD-00896,20260321,,27,18,3,156000,468000,0.0,受注確定,中部
897,ORD-00897,20250819,,12,9,10,90250,902500,0.05,処理中,関東
898,ORD-00898,20260202,20260205,30,17,5,248000,1240000,0.0,出荷済,東北
899,ORD-00899,20260315,20260328,15,20,2,890000,1780000,0.0,出荷済,東北
900,ORD-00900,20260224,,16,7,2,2800000,5600000,0.0,処理中,中国
901,ORD-00901,20251010,20251023,5,20,2,890000,1780000,0.0,出荷済,関西
902,ORD-00902,20250226,20250303,3,17,10,235600,2356000,0.05,出荷済,中部
903,ORD-00903,20260324,20260328,1,7,1,2800000,2800000,0.0,出荷済,関東
904,ORD-00904,20251020,,16,16,10,33250,332500,0.05,キャンセル,関西
905,ORD-00905,20250126,20250129,15,8,5,1650000,8250000,0.0,出荷済,中部
906,ORD-00906,20251202,20251210,21,3,10,121600,1216000,0.05,出荷済,東北
907,ORD-00907,20260116,20260128,18,12,3,6500000,19500000,0.0,出荷済,関西
908,ORD-00908,20250928,20251004,2,3,20,115200,2304000,0.1,出荷済,東北
909,ORD-00909,20250219,20250225,3,8,3,1650000,4950000,0.0,出荷済,東北
910,ORD-00910,20251203,20251214,8,19,10,87400,874000,0.05,出荷済,北海道
911,ORD-00911,20251013,,18,4,20,288000,5760000,0.1,キャンセル,関西
912,ORD-00912,20251212,20251217,19,14,3,4800000,14400000,0.0,出荷済,東北
913,ORD-00913,20250725,,22,11,10,137750,1377500,0.05,受注確定,東北
914,ORD-00914,20250815,20250823,14,11,10,137750,1377500,0.05,出荷済,九州
915,ORD-00915,20260127,20260208,30,14,3,4800000,14400000,0.0,出荷済,中部
916,ORD-00916,20251016,,23,7,1,2800000,2800000,0.0,受注確定,北海道
917,ORD-00917,20250511,20250514,15,15,5,68000,340000,0.0,出荷済,北海道
918,ORD-00918,20250118,20250125,11,20,1,890000,890000,0.0,出荷済,関東
919,ORD-00919,20250603,20250617,7,7,3,2800000,8400000,0.0,出荷済,中国
920,ORD-00920,20250522,,23,17,10,235600,2356000,0.05,キャンセル,中部
921,ORD-00921,20250218,20250225,1,15,5,68000,340000,0.0,出荷済,関西
922,ORD-00922,20251026,20251030,8,8,2,1650000,3300000,0.0,出荷済,東北
923,ORD-00923,20250724,20250803,25,7,3,2800000,8400000,0.0,出荷済,中部
924,ORD-00924,20250907,20250910,25,4,10,304000,3040000,0.05,出荷済,北海道
925,ORD-00925,20260218,20260226,25,13,1,3200000,3200000,0.0,出荷済,関西
926,ORD-00926,20260327,20260402,18,14,5,4800000,24000000,0.0,出荷済,北海道
927,ORD-00927,20251201,20251204,27,1,10,175750,1757500,0.05,出荷済,関西
928,ORD-00928,20250926,20251004,2,11,10,137750,1377500,0.05,出荷済,東北
929,ORD-00929,20251224,20260103,7,5,2,78000,156000,0.0,出荷済,中国
930,ORD-00930,20251101,20251108,25,17,2,248000,496000,0.0,出荷済,中国
931,ORD-00931,20250721,,5,5,5,78000,390000,0.0,処理中,東北
932,ORD-00932,20260117,20260126,2,18,5,156000,780000,0.0,出荷済,東北
933,ORD-00933,20250811,20250821,4,5,10,74100,741000,0.05,出荷済,九州
934,ORD-00934,20251130,,25,7,2,2800000,5600000,0.0,受注確定,中部
935,ORD-00935,20250505,20250518,2,9,20,85500,1710000,0.1,出荷済,東北
936,ORD-00936,20250215,20250221,3,14,2,4800000,9600000,0.0,出荷済,関西
937,ORD-00937,20250626,20250704,27,1,20,166500,3330000,0.1,出荷済,東北
938,ORD-00938,20260225,20260303,18,20,1,890000,890000,0.0,出荷済,中部
939,ORD-00939,20251217,20251221,16,5,20,70200,1404000,0.1,出荷済,北海道
940,ORD-00940,20250128,20250131,8,20,10,845500,8455000,0.05,出荷済,関西
941,ORD-00941,20251222,20251230,3,10,10,199500,1995000,0.05,出荷済,中部
942,ORD-00942,20260114,,23,7,1,2800000,2800000,0.0,受注確定,中国
943,ORD-00943,20250513,20250527,23,16,10,33250,332500,0.05,出荷済,北海道
944,ORD-00944,20251209,,1,13,2,3200000,6400000,0.0,受注確定,関東
945,ORD-00945,20250511,,6,2,5,45000,225000,0.0,キャンセル,関西
946,ORD-00946,20250128,20250210,20,1,2,185000,370000,0.0,出荷済,中国
947,ORD-00947,20251204,20251210,15,4,1,320000,320000,0.0,出荷済,九州
948,ORD-00948,20250918,,3,11,10,137750,1377500,0.05,キャンセル,東北
949,ORD-00949,20250215,,6,7,2,2800000,5600000,0.0,処理中,東北
950,ORD-00950,20251231,,1,2,3,45000,135000,0.0,受注確定,関西
951,ORD-00951,20250620,20250628,21,13,3,3200000,9600000,0.0,出荷済,北海道
952,ORD-00952,20250630,,14,10,3,210000,630000,0.0,受注確定,関西
953,ORD-00953,20260220,20260303,2,9,50,80750,4037500,0.15,出荷済,関西
954,ORD-00954,20250426,20250430,5,11,50,123250,6162500,0.15,出荷済,北海道
955,ORD-00955,20250715,20250724,23,20,10,845500,8455000,0.05,出荷済,中部
956,ORD-00956,20251021,,5,14,5,4800000,24000000,0.0,キャンセル,関西
957,ORD-00957,20250818,20250830,23,5,3,78000,234000,0.0,出荷済,東北
958,ORD-00958,20251217,,7,5,5,78000,390000,0.0,受注確定,中部
959,ORD-00959,20250809,20250813,5,19,50,78200,3910000,0.15,出荷済,東北
960,ORD-00960,20250930,20251014,4,6,1,4500000,4500000,0.0,出荷済,関東
961,ORD-00961,20260127,20260206,13,14,5,4800000,24000000,0.0,出荷済,北海道
962,ORD-00962,20260225,20260301,30,9,3,95000,285000,0.0,出荷済,中部
963,ORD-00963,20250405,,1,20,5,890000,4450000,0.0,キャンセル,東北
964,ORD-00964,20251110,20251118,8,20,2,890000,1780000,0.0,出荷済,関東
965,ORD-00965,20251219,,20,5,10,74100,741000,0.05,キャンセル,九州
966,ORD-00966,20251231,,16,6,3,4500000,13500000,0.0,処理中,九州
967,ORD-00967,20250312,20250315,5,7,1,2800000,2800000,0.0,出荷済,関西
968,ORD-00968,20250731,20250805,7,7,3,2800000,8400000,0.0,出荷済,九州
969,ORD-00969,20260320,,27,16,10,33250,332500,0.05,処理中,中部
970,ORD-00970,20250807,20250821,17,2,10,42750,427500,0.05,出荷済,関西
971,ORD-00971,20250721,,27,19,10,87400,874000,0.05,受注確定,北海道
972,ORD-00972,20260325,,1,17,2,248000,496000,0.0,処理中,中国
973,ORD-00973,20260326,20260409,2,8,3,1650000,4950000,0.0,出荷済,関東
974,ORD-00974,20251013,20251019,16,17,20,223200,4464000,0.1,出荷済,関西
975,ORD-00975,20250814,20250824,17,10,20,189000,3780000,0.1,出荷済,中部
976,ORD-00976,20250805,,12,20,10,845500,8455000,0.05,受注確定,中部
977,ORD-00977,20250826,20250831,18,3,20,115200,2304000,0.1,出荷済,中国
978,ORD-00978,20251027,20251106,23,5,5,78000,390000,0.0,出荷済,関東
979,ORD-00979,20250402,20250412,19,19,50,78200,3910000,0.15,出荷済,関東
980,ORD-00980,20250509,20250513,14,6,3,4500000,13500000,0.0,出荷済,関東
981,ORD-00981,20251228,20260111,18,12,1,6500000,6500000,0.0,出荷済,中国
982,ORD-00982,20250919,20250922,27,6,1,4500000,4500000,0.0,出荷済,中国
983,ORD-00983,20250329,20250403,14,19,50,78200,3910000,0.15,出荷済,中国
984,ORD-00984,20250316,20250330,6,2,5,45000,225000,0.0,出荷済,中国
985,ORD-00985,20250817,20250823,11,6,1,4500000,4500000,0.0,出荷済,関東
986,ORD-00986,20251115,,9,1,10,175750,1757500,0.05,処理中,東北
987,ORD-00987,20260218,20260224,1,20,10,845500,8455000,0.05,出荷済,東北
988,ORD-00988,20251204,20251216,20,15,5,68000,340000,0.0,出荷済,東北
989,ORD-00989,20250104,,8,18,5,156000,780000,0.0,受注確定,中国
990,ORD-00990,20260227,20260312,7,2,3,45000,135000,0.0,出荷済,関西
991,ORD-00991,20250119,,5,2,10,42750,427500,0.05,キャンセル,関西
992,ORD-00992,20250619,20250624,3,2,2,45000,90000,0.0,出荷済,北海道
993,ORD-00993,20250526,,27,20,3,890000,2670000,0.0,受注確定,中部
994,ORD-00994,20250822,20250829,25,12,5,6500000,32500000,0.0,出荷済,関西
995,ORD-00995,20250708,,16,3,20,115200,2304000,0.1,受注確定,関東
996,ORD-00996,20250530,20250607,20,5,2,78000,156000,0.0,出荷済,東北
997,ORD-00997,20250731,,23,7,2,2800000,5600000,0.0,キャンセル,関東
998,ORD-00998,20250225,,25,17,100,210800,21080000,0.15,処理中,北海道
999,ORD-00999,20251219,20251226,27,10,5,210000,1050000,0.0,出荷済,東北
1000,ORD-01000,20251022,,28,12,5,6500000,32500000,0.0,キャンセル,東北
1001,ORD-01001,20250912,20250924,23,16,10,33250,332500,0.05,出荷済,中部
1002,ORD-01002,20251229,20260108,12,7,1,2800000,2800000,0.0,出荷済,北海道
1003,ORD-01003,20260212,20260221,4,7,3,2800000,8400000,0.0,出荷済,関東
1004,ORD-01004,20250620,20250623,14,18,20,140400,2808000,0.1,出荷済,北海道
1005,ORD-01005,20250414,20250421,11,9,20,85500,1710000,0.1,出荷済,東北
1006,ORD-01006,20251009,20251017,14,1,2,185000,370000,0.0,出荷済,九州
1007,ORD-01007,20260106,20260112,25,20,10,845500,8455000,0.05,出荷済,関西
1008,ORD-01008,20260303,20260316,14,16,50,29750,1487500,0.15,出荷済,中部
1009,ORD-01009,20250904,,5,15,50,57800,2890000,0.15,受注確定,関西
1010,ORD-01010,20250825,20250906,17,2,20,40500,810000,0.1,出荷済,北海道
1011,ORD-01011,20251214,20251226,13,18,10,148200,1482000,0.05,出荷済,北海道
1012,ORD-01012,20250619,20250622,14,3,100,108800,10880000,0.15,出荷済,関西
1013,ORD-01013,20250712,,29,18,20,140400,2808000,0.1,キャンセル,東北
1014,ORD-01014,20250719,20250802,6,20,1,890000,890000,0.0,出荷済,中国
1015,ORD-01015,20250611,,1,9,5,95000,475000,0.0,処理中,中部
1016,ORD-01016,20250710,20250715,18,10,3,210000,630000,0.0,出荷済,関東
1017,ORD-01017,20250711,,1,7,5,2800000,14000000,0.0,処理中,東北
1018,ORD-01018,20250113,20250123,20,17,3,248000,744000,0.0,出荷済,北海道
1019,ORD-01019,20260324,20260328,23,10,20,189000,3780000,0.1,出荷済,中国
1020,ORD-01020,20250922,,4,7,3,2800000,8400000,0.0,処理中,九州
1021,ORD-01021,20260101,20260114,23,4,1,320000,320000,0.0,出荷済,中国
1022,ORD-01022,20251101,20251105,3,11,10,137750,1377500,0.05,出荷済,東北
1023,ORD-01023,20260128,20260210,12,1,10,175750,1757500,0.05,出荷済,中部
1024,ORD-01024,20250614,,7,7,1,2800000,2800000,0.0,受注確定,関西
1025,ORD-01025,20260131,20260207,18,4,5,320000,1600000,0.0,出荷済,関東
1026,ORD-01026,20250108,20250119,28,18,10,148200,1482000,0.05,出荷済,関西
1027,ORD-01027,20251009,20251021,13,9,3,95000,285000,0.0,出荷済,中部
1028,ORD-01028,20250329,20250409,2,10,10,199500,1995000,0.05,出荷済,九州
1029,ORD-01029,20250126,20250130,4,1,10,175750,1757500,0.05,出荷済,九州
1030,ORD-01030,20250128,,3,14,1,4800000,4800000,0.0,キャンセル,東北
1031,ORD-01031,20251119,20251125,18,20,3,890000,2670000,0.0,出荷済,北海道
1032,ORD-01032,20260124,,23,3,100,108800,10880000,0.15,処理中,東北
1033,ORD-01033,20250309,20250322,3,15,2,68000,136000,0.0,出荷済,北海道
1034,ORD-01034,20251230,20260104,20,16,3,35000,105000,0.0,出荷済,中国
1035,ORD-01035,20251112,20251120,10,12,1,6500000,6500000,0.0,出荷済,九州
1036,ORD-01036,20250907,20250917,1,3,10,121600,1216000,0.05,出荷済,九州
1037,ORD-01037,20260310,,6,10,20,189000,3780000,0.1,キャンセル,東北
1038,ORD-01038,20250307,20250315,22,4,5,320000,1600000,0.0,出荷済,東北
1039,ORD-01039,20251129,20251211,2,10,10,199500,1995000,0.05,出荷済,九州
1040,ORD-01040,20250503,,28,8,3,1650000,4950000,0.0,処理中,九州
1041,ORD-01041,20250203,,14,7,3,2800000,8400000,0.0,キャンセル,九州
1042,ORD-01042,20260206,,18,19,20,82800,1656000,0.1,受注確定,北海道
1043,ORD-01043,20250501,,6,3,20,115200,2304000,0.1,キャンセル,中国
1044,ORD-01044,20250907,20250918,3,19,10,87400,874000,0.05,出荷済,関東
1045,ORD-01045,20260225,20260301,18,6,1,4500000,4500000,0.0,出荷済,東北
1046,ORD-01046,20250225,20250301,27,13,1,3200000,3200000,0.0,出荷済,中部
1047,ORD-01047,20260223,20260228,4,19,50,78200,3910000,0.15,出荷済,北海道
1048,ORD-01048,20250318,,18,18,5,156000,780000,0.0,キャンセル,東北
1049,ORD-01049,20250817,20250824,7,7,2,2800000,5600000,0.0,出荷済,東北
1050,ORD-01050,20260211,20260215,12,14,3,4800000,14400000,0.0,出荷済,東北
1051,ORD-01051,20250105,20250112,27,17,5,248000,1240000,0.0,出荷済,関東
1052,ORD-01052,20250709,,23,2,1,45000,45000,0.0,受注確定,中国
1053,ORD-01053,20250703,20250712,3,10,50,178500,8925000,0.15,出荷済,北海道
1054,ORD-01054,20251030,20251108,17,11,20,130500,2610000,0.1,出荷済,九州
1055,ORD-01055,20251007,20251018,7,6,2,4500000,9000000,0.0,出荷済,九州
1056,ORD-01056,20260308,20260313,15,14,1,4800000,4800000,0.0,出荷済,関東
1057,ORD-01057,20250206,,1,5,20,70200,1404000,0.1,処理中,北海道
1058,ORD-01058,20250812,20250822,4,3,3,128000,384000,0.0,出荷済,中国
1059,ORD-01059,20251223,,27,14,2,4800000,9600000,0.0,処理中,東北
1060,ORD-01060,20250806,20250811,23,15,5,68000,340000,0.0,出荷済,九州
1061,ORD-01061,20251106,20251120,1,19,10,87400,874000,0.05,出荷済,東北
1062,ORD-01062,20250518,20250521,17,18,10,148200,1482000,0.05,出荷済,東北
1063,ORD-01063,20250905,20250910,16,4,10,304000,3040000,0.05,出荷済,北海道
1064,ORD-01064,20260110,20260121,23,9,10,90250,902500,0.05,出荷済,東北
1065,ORD-01065,20250215,20250228,8,16,10,33250,332500,0.05,出荷済,北海道
1066,ORD-01066,20251004,20251015,25,10,10,199500,1995000,0.05,出荷済,中国
1067,ORD-01067,20250106,,20,15,10,64600,646000,0.05,処理中,東北
1068,ORD-01068,20260111,20260118,14,14,1,4800000,4800000,0.0,出荷済,中部
1069,ORD-01069,20250119,,27,10,20,189000,3780000,0.1,キャンセル,関西
1070,ORD-01070,20250201,,29,16,10,33250,332500,0.05,キャンセル,関東
1071,ORD-01071,20251203,,12,20,1,890000,890000,0.0,処理中,関東
1072,ORD-01072,20250306,20250313,22,3,50,108800,5440000,0.15,出荷済,中部
1073,ORD-01073,20251112,20251126,11,9,50,80750,4037500,0.15,出荷済,関東
1074,ORD-01074,20251106,,6,19,20,82800,1656000,0.1,処理中,関西
1075,ORD-01075,20260218,20260228,6,9,20,85500,1710000,0.1,出荷済,中部
1076,ORD-01076,20260214,20260219,23,2,5,45000,225000,0.0,出荷済,東北
1077,ORD-01077,20260225,20260306,5,16,20,31500,630000,0.1,出荷済,中部
1078,ORD-01078,20251205,20251208,18,6,1,4500000,4500000,0.0,出荷済,北海道
1079,ORD-01079,20250516,20250526,3,2,3,45000,135000,0.0,出荷済,関西
1080,ORD-01080,20250901,20250911,23,8,3,1650000,4950000,0.0,出荷済,関西
1081,ORD-01081,20250316,,23,14,1,4800000,4800000,0.0,処理中,九州
1082,ORD-01082,20251214,20251218,13,17,10,235600,2356000,0.05,出荷済,東北
1083,ORD-01083,20251123,20251201,14,14,2,4800000,9600000,0.0,出荷済,関西
1084,ORD-01084,20250517,20250527,3,9,10,90250,902500,0.05,出荷済,中国
1085,ORD-01085,20251212,,8,19,20,82800,1656000,0.1,受注確定,関西
1086,ORD-01086,20251213,20251217,6,11,10,137750,1377500,0.05,出荷済,関東
1087,ORD-01087,20250730,,3,17,2,248000,496000,0.0,処理中,関西
1088,ORD-01088,20250423,20250505,11,9,3,95000,285000,0.0,出荷済,関東
1089,ORD-01089,20250130,20250213,27,7,5,2800000,14000000,0.0,出荷済,関東
1090,ORD-01090,20250214,,27,5,5,78000,390000,0.0,キャンセル,中国
1091,ORD-01091,20250405,,3,6,1,4500000,4500000,0.0,処理中,北海道
1092,ORD-01092,20250208,20250217,30,15,50,57800,2890000,0.15,出荷済,北海道
1093,ORD-01093,20251208,20251215,14,9,3,95000,285000,0.0,出荷済,中国
1094,ORD-01094,20250201,20250208,16,13,1,3200000,3200000,0.0,出荷済,中国
1095,ORD-01095,20250516,20250528,6,15,2,68000,136000,0.0,出荷済,九州
1096,ORD-01096,20250402,20250408,21,4,3,320000,960000,0.0,出荷済,東北
1097,ORD-01097,20251126,20251129,3,15,20,61200,1224000,0.1,出荷済,関東
1098,ORD-01098,20250206,20250216,25,9,20,85500,1710000,0.1,出荷済,中部
1099,ORD-01099,20251201,20251208,30,1,50,157250,7862500,0.15,出荷済,中部
1100,ORD-01100,20251225,,14,13,2,3200000,6400000,0.0,受注確定,北海道
1101,ORD-01101,20260130,20260210,21,16,5,35000,175000,0.0,出荷済,中部
1102,ORD-01102,20250102,,16,16,2,35000,70000,0.0,受注確定,関西
1103,ORD-01103,20250620,20250628,12,13,1,3200000,3200000,0.0,出荷済,東北
1104,ORD-01104,20260313,20260326,14,3,20,115200,2304000,0.1,出荷済,中部
1105,ORD-01105,20250401,20250408,23,2,100,38250,3825000,0.15,出荷済,北海道
1106,ORD-01106,20250719,,3,12,2,6500000,13000000,0.0,処理中,北海道
1107,ORD-01107,20250408,,4,2,3,45000,135000,0.0,キャンセル,中部
1108,ORD-01108,20250908,20250918,16,3,20,115200,2304000,0.1,出荷済,東北
1109,ORD-01109,20260304,20260312,18,1,1,185000,185000,0.0,出荷済,中国
1110,ORD-01110,20260105,,2,13,1,3200000,3200000,0.0,受注確定,九州
1111,ORD-01111,20251214,20251218,23,5,20,70200,1404000,0.1,出荷済,関東
1112,ORD-01112,20260112,,5,16,10,33250,332500,0.05,処理中,東北
1113,ORD-01113,20250124,20250131,8,5,1,78000,78000,0.0,出荷済,中国
1114,ORD-01114,20260211,,3,15,10,64600,646000,0.05,キャンセル,関東
1115,ORD-01115,20260223,,3,4,10,304000,3040000,0.05,キャンセル,中部
1116,ORD-01116,20250202,20250210,7,14,1,4800000,4800000,0.0,出荷済,関東
1117,ORD-01117,20251217,20251220,25,18,3,156000,468000,0.0,出荷済,東北
1118,ORD-01118,20250330,20250408,14,3,2,128000,256000,0.0,出荷済,中部
1119,ORD-01119,20251223,20260104,16,18,3,156000,468000,0.0,出荷済,関東
1120,ORD-01120,20250310,20250313,3,20,3,890000,2670000,0.0,出荷済,九州
1121,ORD-01121,20250211,20250225,1,1,3,185000,555000,0.0,出荷済,北海道
1122,ORD-01122,20251031,,11,14,2,4800000,9600000,0.0,処理中,北海道
1123,ORD-01123,20250306,,7,5,10,74100,741000,0.05,受注確定,九州
1124,ORD-01124,20250730,20250811,8,6,2,4500000,9000000,0.0,出荷済,中部
1125,ORD-01125,20260103,20260111,22,20,10,845500,8455000,0.05,出荷済,九州
1126,ORD-01126,20250103,,24,8,2,1650000,3300000,0.0,受注確定,関東
1127,ORD-01127,20251113,,15,18,10,148200,1482000,0.05,処理中,中国
1128,ORD-01128,20251117,20251122,7,9,2,95000,190000,0.0,出荷済,北海道
1129,ORD-01129,20260309,20260312,20,16,3,35000,105000,0.0,出荷済,北海道
1130,ORD-01130,20250706,20250718,11,7,2,2800000,5600000,0.0,出荷済,中国
1131,ORD-01131,20260124,20260204,19,2,2,45000,90000,0.0,出荷済,中部
1132,ORD-01132,20250322,20250328,1,16,10,33250,332500,0.05,出荷済,北海道
1133,ORD-01133,20250816,20250830,26,19,5,92000,460000,0.0,出荷済,北海道
1134,ORD-01134,20250616,20250622,8,4,5,320000,1600000,0.0,出荷済,北海道
1135,ORD-01135,20250731,20250810,7,13,3,3200000,9600000,0.0,出荷済,東北
1136,ORD-01136,20250906,,2,14,1,4800000,4800000,0.0,キャンセル,九州
1137,ORD-01137,20250402,20250415,16,12,1,6500000,6500000,0.0,出荷済,関西
1138,ORD-01138,20250519,,7,11,2,145000,290000,0.0,キャンセル,関東
1139,ORD-01139,20250524,,4,4,50,272000,13600000,0.15,処理中,九州
1140,ORD-01140,20250329,,14,8,10,1567500,15675000,0.05,キャンセル,中部
1141,ORD-01141,20260209,,30,20,10,845500,8455000,0.05,キャンセル,東北
1142,ORD-01142,20260314,,8,3,5,128000,640000,0.0,受注確定,九州
1143,ORD-01143,20260318,,7,19,10,87400,874000,0.05,処理中,関西
1144,ORD-01144,20250108,20250120,18,8,2,1650000,3300000,0.0,出荷済,中部
1145,ORD-01145,20251030,20251102,5,19,50,78200,3910000,0.15,出荷済,関東
1146,ORD-01146,20250829,20250908,22,2,5,45000,225000,0.0,出荷済,中国
1147,ORD-01147,20260213,20260224,3,15,10,64600,646000,0.05,出荷済,中国
1148,ORD-01148,20250107,20250113,17,7,1,2800000,2800000,0.0,出荷済,北海道
1149,ORD-01149,20250216,20250302,1,16,10,33250,332500,0.05,出荷済,九州
1150,ORD-01150,20260316,,25,19,1,92000,92000,0.0,処理中,九州
1151,ORD-01151,20260131,20260213,4,13,1,3200000,3200000,0.0,出荷済,九州
1152,ORD-01152,20251227,20260105,30,1,50,157250,7862500,0.15,出荷済,北海道
1153,ORD-01153,20250620,20250704,23,2,5,45000,225000,0.0,出荷済,東北
1154,ORD-01154,20251005,20251017,25,7,3,2800000,8400000,0.0,出荷済,関西
1155,ORD-01155,20260112,20260115,2,17,50,210800,10540000,0.15,出荷済,関東
1156,ORD-01156,20250716,20250724,15,15,10,64600,646000,0.05,出荷済,中部
1157,ORD-01157,20251128,20251203,24,3,10,121600,1216000,0.05,出荷済,関西
1158,ORD-01158,20250503,,23,4,10,304000,3040000,0.05,キャンセル,中国
1159,ORD-01159,20251226,20260106,7,8,2,1650000,3300000,0.0,出荷済,北海道
1160,ORD-01160,20250805,20250815,11,2,2,45000,90000,0.0,出荷済,九州
1161,ORD-01161,20250914,,23,4,10,304000,3040000,0.05,受注確定,北海道
1162,ORD-01162,20260227,20260312,23,10,10,199500,1995000,0.05,出荷済,北海道
1163,ORD-01163,20260219,,2,7,3,2800000,8400000,0.0,処理中,関東
1164,ORD-01164,20250211,20250215,17,6,1,4500000,4500000,0.0,出荷済,中部
1165,ORD-01165,20250522,20250602,3,5,10,74100,741000,0.05,出荷済,北海道
1166,ORD-01166,20250112,,12,14,5,4800000,24000000,0.0,受注確定,中部
1167,ORD-01167,20250831,20250907,14,14,2,4800000,9600000,0.0,出荷済,中部
1168,ORD-01168,20250202,,1,8,5,1650000,8250000,0.0,受注確定,北海道
1169,ORD-01169,20250621,20250701,17,19,5,92000,460000,0.0,出荷済,東北
1170,ORD-01170,20251207,20251219,23,18,5,156000,780000,0.0,出荷済,中部
1171,ORD-01171,20260209,20260219,12,6,3,4500000,13500000,0.0,出荷済,関西
1172,ORD-01172,20250528,,2,5,5,78000,390000,0.0,処理中,中部
1173,ORD-01173,20251113,20251127,5,18,5,156000,780000,0.0,出荷済,北海道
1174,ORD-01174,20251208,20251216,5,6,1,4500000,4500000,0.0,出荷済,東北
1175,ORD-01175,20250306,20250317,18,9,5,95000,475000,0.0,出荷済,北海道
1176,ORD-01176,20250118,,13,12,1,6500000,6500000,0.0,処理中,東北
1177,ORD-01177,20250325,20250403,23,10,2,210000,420000,0.0,出荷済,九州
1178,ORD-01178,20260129,20260201,5,15,50,57800,2890000,0.15,出荷済,北海道
1179,ORD-01179,20251007,20251017,22,11,10,137750,1377500,0.05,出荷済,関西
1180,ORD-01180,20260122,,25,5,20,70200,1404000,0.1,処理中,関西
1181,ORD-01181,20251219,20260101,3,16,50,29750,1487500,0.15,出荷済,東北
1182,ORD-01182,20250301,20250311,12,1,5,185000,925000,0.0,出荷済,関西
1183,ORD-01183,20250217,20250301,14,2,10,42750,427500,0.05,出荷済,東北
1184,ORD-01184,20250424,,11,7,1,2800000,2800000,0.0,受注確定,中国
1185,ORD-01185,20250817,,3,17,5,248000,1240000,0.0,処理中,関西
1186,ORD-01186,20251105,20251114,27,17,50,210800,10540000,0.15,出荷済,中部
1187,ORD-01187,20260102,20260109,18,12,1,6500000,6500000,0.0,出荷済,関西
1188,ORD-01188,20250629,20250705,12,15,50,57800,2890000,0.15,出荷済,北海道
1189,ORD-01189,20260331,20260405,18,14,3,4800000,14400000,0.0,出荷済,中国
1190,ORD-01190,20260108,,18,14,1,4800000,4800000,0.0,キャンセル,東北
1191,ORD-01191,20250214,,5,7,1,2800000,2800000,0.0,受注確定,関西
1192,ORD-01192,20250203,20250216,26,13,1,3200000,3200000,0.0,出荷済,関西
1193,ORD-01193,20250801,,6,18,10,148200,1482000,0.05,キャンセル,中国
1194,ORD-01194,20250312,20250323,7,6,3,4500000,13500000,0.0,出荷済,九州
1195,ORD-01195,20250122,,12,19,5,92000,460000,0.0,受注確定,北海道
1196,ORD-01196,20250826,20250902,7,1,20,166500,3330000,0.1,出荷済,関西
1197,ORD-01197,20251124,20251203,30,16,2,35000,70000,0.0,出荷済,中部
1198,ORD-01198,20250909,20250919,8,1,2,185000,370000,0.0,出荷済,関東
1199,ORD-01199,20251103,20251110,15,19,10,87400,874000,0.05,出荷済,北海道
1200,ORD-01200,20251218,,20,4,5,320000,1600000,0.0,キャンセル,関東
1201,ORD-01201,20260309,20260317,10,6,2,4500000,9000000,0.0,出荷済,九州
1202,ORD-01202,20260326,20260403,4,12,1,6500000,6500000,0.0,出荷済,九州
1203,ORD-01203,20251122,,14,2,5,45000,225000,0.0,受注確定,北海道
1204,ORD-01204,20250209,20250213,22,7,3,2800000,8400000,0.0,出荷済,東北
1205,ORD-01205,20260121,20260203,6,18,5,156000,780000,0.0,出荷済,中国
1206,ORD-01206,20250604,,11,12,1,6500000,6500000,0.0,キャンセル,関西
1207,ORD-01207,20260226,20260306,5,1,3,185000,555000,0.0,出荷済,中国
1208,ORD-01208,20250906,20250910,17,11,50,123250,6162500,0.15,出荷済,中部
1209,ORD-01209,20250321,,22,8,5,1650000,8250000,0.0,受注確定,東北
1210,ORD-01210,20251220,20251229,23,18,20,140400,2808000,0.1,出荷済,九州
1211,ORD-01211,20250209,,3,5,50,66300,3315000,0.15,処理中,関西
1212,ORD-01212,20250609,,15,5,20,70200,1404000,0.1,キャンセル,東北
1213,ORD-01213,20260126,20260209,14,6,3,4500000,13500000,0.0,出荷済,中国
1214,ORD-01214,20250302,20250316,7,5,50,66300,3315000,0.15,出荷済,中部
1215,ORD-01215,20250607,20250616,4,7,1,2800000,2800000,0.0,出荷済,北海道
1216,ORD-01216,20260126,,3,3,1,128000,128000,0.0,処理中,中国
1217,ORD-01217,20250809,,2,7,1,2800000,2800000,0.0,受注確定,東北
1218,ORD-01218,20250131,20250204,20,4,50,272000,13600000,0.15,出荷済,関西
1219,ORD-01219,20251208,,1,4,20,288000,5760000,0.1,キャンセル,中部
1220,ORD-01220,20251028,20251101,7,6,2,4500000,9000000,0.0,出荷済,中部
1221,ORD-01221,20260310,20260321,11,19,5,92000,460000,0.0,出荷済,中国
1222,ORD-01222,20260109,20260113,27,8,3,1650000,4950000,0.0,出荷済,中国
1223,ORD-01223,20251024,20251031,1,17,3,248000,744000,0.0,出荷済,中部
1224,ORD-01224,20260122,20260128,23,1,100,157250,15725000,0.15,出荷済,東北
1225,ORD-01225,20260312,20260322,20,12,2,6500000,13000000,0.0,出荷済,北海道
1226,ORD-01226,20250224,20250302,6,12,5,6500000,32500000,0.0,出荷済,東北
1227,ORD-01227,20250427,20250501,17,4,20,288000,5760000,0.1,出荷済,九州
1228,ORD-01228,20250226,20250312,23,5,10,74100,741000,0.05,出荷済,関西
1229,ORD-01229,20251013,20251022,2,3,5,128000,640000,0.0,出荷済,関西
1230,ORD-01230,20250822,,27,10,10,199500,1995000,0.05,処理中,中部
1231,ORD-01231,20251011,20251017,17,10,100,178500,17850000,0.15,出荷済,中国
1232,ORD-01232,20250205,,20,12,1,6500000,6500000,0.0,処理中,北海道
1233,ORD-01233,20250223,20250227,17,15,10,64600,646000,0.05,出荷済,中部
1234,ORD-01234,20250722,20250726,17,19,100,78200,7820000,0.15,出荷済,関西
1235,ORD-01235,20250412,20250416,14,7,2,2800000,5600000,0.0,出荷済,中部
1236,ORD-01236,20260306,,18,16,5,35000,175000,0.0,キャンセル,東北
1237,ORD-01237,20250520,,17,12,2,6500000,13000000,0.0,キャンセル,九州
1238,ORD-01238,20250906,,22,9,3,95000,285000,0.0,処理中,関東
1239,ORD-01239,20250304,20250307,9,16,10,33250,332500,0.05,出荷済,関東
1240,ORD-01240,20260113,20260118,2,3,10,121600,1216000,0.05,出荷済,九州
1241,ORD-01241,20251106,,14,5,5,78000,390000,0.0,キャンセル,関東
1242,ORD-01242,20260125,,2,17,20,223200,4464000,0.1,処理中,中部
1243,ORD-01243,20250531,,22,16,10,33250,332500,0.05,受注確定,関西
1244,ORD-01244,20260219,20260228,23,18,1,156000,156000,0.0,出荷済,関東
1245,ORD-01245,20250716,,18,11,50,123250,6162500,0.15,処理中,九州
1246,ORD-01246,20250119,20250202,1,6,2,4500000,9000000,0.0,出荷済,中部
1247,ORD-01247,20250909,20250919,18,5,5,78000,390000,0.0,出荷済,中国
1248,ORD-01248,20250226,,25,16,10,33250,332500,0.05,受注確定,東北
1249,ORD-01249,20250829,,20,18,50,132600,6630000,0.15,受注確定,関東
1250,ORD-01250,20250720,20250801,10,16,10,33250,332500,0.05,出荷済,北海道
1251,ORD-01251,20250630,,11,11,2,145000,290000,0.0,キャンセル,関東
1252,ORD-01252,20250307,,15,12,3,6500000,19500000,0.0,キャンセル,関東
1253,ORD-01253,20260127,20260204,29,11,5,145000,725000,0.0,出荷済,関西
1254,ORD-01254,20250730,20250805,14,2,10,42750,427500,0.05,出荷済,北海道
1255,ORD-01255,20250609,20250616,26,3,50,108800,5440000,0.15,出荷済,関東
1256,ORD-01256,20250622,20250702,6,1,10,175750,1757500,0.05,出荷済,北海道
1257,ORD-01257,20260319,20260326,18,19,10,87400,874000,0.05,出荷済,関東
1258,ORD-01258,20251223,20260101,20,19,1,92000,92000,0.0,出荷済,東北
1259,ORD-01259,20250719,,14,19,2,92000,184000,0.0,処理中,関東
1260,ORD-01260,20251220,20251225,7,11,10,137750,1377500,0.05,出荷済,東北
1261,ORD-01261,20250603,20250614,15,14,1,4800000,4800000,0.0,出荷済,中部
1262,ORD-01262,20250528,,10,2,5,45000,225000,0.0,キャンセル,九州
1263,ORD-01263,20260216,20260302,7,20,5,890000,4450000,0.0,出荷済,中国
1264,ORD-01264,20251024,20251105,3,19,5,92000,460000,0.0,出荷済,中国
1265,ORD-01265,20250929,20251012,20,14,1,4800000,4800000,0.0,出荷済,中国
1266,ORD-01266,20250604,,22,10,5,210000,1050000,0.0,受注確定,関西
1267,ORD-01267,20250413,,18,13,1,3200000,3200000,0.0,受注確定,九州
1268,ORD-01268,20251210,,23,6,3,4500000,13500000,0.0,受注確定,中国
1269,ORD-01269,20250406,,25,16,3,35000,105000,0.0,処理中,関西
1270,ORD-01270,20251123,20251205,23,20,10,845500,8455000,0.05,出荷済,北海道
1271,ORD-01271,20251117,,2,17,3,248000,744000,0.0,処理中,中部
1272,ORD-01272,20250504,20250512,5,10,20,189000,3780000,0.1,出荷済,中国
1273,ORD-01273,20260302,20260309,2,7,3,2800000,8400000,0.0,出荷済,北海道
1274,ORD-01274,20250324,20250328,9,20,2,890000,1780000,0.0,出荷済,中部
1275,ORD-01275,20250409,20250419,1,8,5,1650000,8250000,0.0,出荷済,九州
1276,ORD-01276,20251014,20251020,18,14,2,4800000,9600000,0.0,出荷済,中部
1277,ORD-01277,20250520,20250602,4,1,5,185000,925000,0.0,出荷済,東北
1278,ORD-01278,20250401,20250405,2,16,20,31500,630000,0.1,出荷済,関西
1279,ORD-01279,20251105,20251113,12,3,50,108800,5440000,0.15,出荷済,北海道
1280,ORD-01280,20251203,20251209,3,13,5,3200000,16000000,0.0,出荷済,関東
1281,ORD-01281,20251020,,22,4,10,304000,3040000,0.05,キャンセル,中国
1282,ORD-01282,20250926,20251008,9,16,50,29750,1487500,0.15,出荷済,関東
1283,ORD-01283,20260131,20260214,13,11,20,130500,2610000,0.1,出荷済,北海道
1284,ORD-01284,20250501,20250507,18,7,1,2800000,2800000,0.0,出荷済,関西
1285,ORD-01285,20250814,20250824,17,9,50,80750,4037500,0.15,出荷済,東北
1286,ORD-01286,20250711,,3,11,10,137750,1377500,0.05,処理中,北海道
1287,ORD-01287,20250507,20250514,11,5,5,78000,390000,0.0,出荷済,関東
1288,ORD-01288,20251127,20251211,27,2,20,40500,810000,0.1,出荷済,中国
1289,ORD-01289,20251210,20251223,8,9,10,90250,902500,0.05,出荷済,北海道
1290,ORD-01290,20250705,,4,18,50,132600,6630000,0.15,処理中,九州
1291,ORD-01291,20250105,20250112,17,9,5,95000,475000,0.0,出荷済,中部
1292,ORD-01292,20260317,20260320,5,15,10,64600,646000,0.05,出荷済,関西
1293,ORD-01293,20260320,20260328,3,16,10,33250,332500,0.05,出荷済,北海道
1294,ORD-01294,20250805,,3,6,2,4500000,9000000,0.0,受注確定,関東
1295,ORD-01295,20250630,,18,20,5,890000,4450000,0.0,受注確定,北海道
1296,ORD-01296,20250617,20250630,19,1,20,166500,3330000,0.1,出荷済,九州
1297,ORD-01297,20260210,20260218,4,1,5,185000,925000,0.0,出荷済,東北
1298,ORD-01298,20250212,20250224,3,6,1,4500000,4500000,0.0,出荷済,北海道
1299,ORD-01299,20250730,20250806,13,15,10,64600,646000,0.05,出荷済,中部
1300,ORD-01300,20251218,20251222,26,11,20,130500,2610000,0.1,出荷済,九州
1301,ORD-01301,20250708,,6,13,3,3200000,9600000,0.0,キャンセル,中部
1302,ORD-01302,20250111,20250115,1,18,10,148200,1482000,0.05,出荷済,九州
1303,ORD-01303,20250412,,10,6,1,4500000,4500000,0.0,キャンセル,九州
1304,ORD-01304,20251104,20251109,10,5,2,78000,156000,0.0,出荷済,東北
1305,ORD-01305,20250302,,1,17,5,248000,1240000,0.0,処理中,中国
1306,ORD-01306,20251211,20251217,22,4,3,320000,960000,0.0,出荷済,中国
1307,ORD-01307,20260221,20260226,11,10,20,189000,3780000,0.1,出荷済,九州
1308,ORD-01308,20260315,20260329,7,20,2,890000,1780000,0.0,出荷済,北海道
1309,ORD-01309,20250407,20250410,18,6,2,4500000,9000000,0.0,出荷済,関西
1310,ORD-01310,20250515,20250523,8,20,3,890000,2670000,0.0,出荷済,東北
1311,ORD-01311,20251217,20251225,19,3,1,128000,128000,0.0,出荷済,北海道
1312,ORD-01312,20250723,,7,13,3,3200000,9600000,0.0,キャンセル,関西
1313,ORD-01313,20250207,20250213,3,18,2,156000,312000,0.0,出荷済,九州
1314,ORD-01314,20250701,20250704,27,20,5,890000,4450000,0.0,出荷済,関西
1315,ORD-01315,20250916,20250929,28,13,1,3200000,3200000,0.0,出荷済,関西
1316,ORD-01316,20250309,20250314,24,2,10,42750,427500,0.05,出荷済,東北
1317,ORD-01317,20250910,20250924,14,15,3,68000,204000,0.0,出荷済,東北
1318,ORD-01318,20250810,20250815,5,9,2,95000,190000,0.0,出荷済,九州
1319,ORD-01319,20260323,20260330,11,12,5,6500000,32500000,0.0,出荷済,東北
1320,ORD-01320,20260301,20260309,10,17,5,248000,1240000,0.0,出荷済,北海道
1321,ORD-01321,20250909,,5,18,50,132600,6630000,0.15,処理中,関東
1322,ORD-01322,20250407,20250417,5,2,3,45000,135000,0.0,出荷済,関西
1323,ORD-01323,20250325,,20,14,1,4800000,4800000,0.0,処理中,関東
1324,ORD-01324,20250815,,14,18,10,148200,1482000,0.05,処理中,関東
1325,ORD-01325,20260310,20260317,5,4,5,320000,1600000,0.0,出荷済,中部
1326,ORD-01326,20260304,,6,17,20,223200,4464000,0.1,キャンセル,北海道
1327,ORD-01327,20251027,20251107,7,19,100,78200,7820000,0.15,出荷済,中国
1328,ORD-01328,20251020,20251030,6,14,5,4800000,24000000,0.0,出荷済,北海道
1329,ORD-01329,20250218,20250227,14,1,5,185000,925000,0.0,出荷済,関西
1330,ORD-01330,20251030,20251109,3,11,3,145000,435000,0.0,出荷済,中国
1331,ORD-01331,20251229,20260110,20,15,10,64600,646000,0.05,出荷済,北海道
1332,ORD-01332,20250103,,14,2,10,42750,427500,0.05,処理中,関西
1333,ORD-01333,20260110,20260123,25,5,3,78000,234000,0.0,出荷済,関西
1334,ORD-01334,20250615,,2,3,10,121600,1216000,0.05,キャンセル,九州
1335,ORD-01335,20250217,20250221,17,9,3,95000,285000,0.0,出荷済,関東
1336,ORD-01336,20260313,20260320,7,6,1,4500000,4500000,0.0,出荷済,北海道
1337,ORD-01337,20260121,20260204,5,4,5,320000,1600000,0.0,出荷済,中国
1338,ORD-01338,20250608,20250616,27,5,5,78000,390000,0.0,出荷済,東北
1339,ORD-01339,20250413,,21,15,50,57800,2890000,0.15,処理中,関西
1340,ORD-01340,20251016,20251024,27,14,1,4800000,4800000,0.0,出荷済,東北
1341,ORD-01341,20250406,,18,14,1,4800000,4800000,0.0,受注確定,関西
1342,ORD-01342,20250826,,7,5,50,66300,3315000,0.15,受注確定,北海道
1343,ORD-01343,20251128,20251202,23,3,5,128000,640000,0.0,出荷済,中国
1344,ORD-01344,20250902,20250908,12,5,100,66300,6630000,0.15,出荷済,東北
1345,ORD-01345,20250807,20250810,12,19,1,92000,92000,0.0,出荷済,東北
1346,ORD-01346,20250225,,22,14,2,4800000,9600000,0.0,処理中,北海道
1347,ORD-01347,20260104,,25,9,5,95000,475000,0.0,キャンセル,関東
1348,ORD-01348,20260129,,22,1,2,185000,370000,0.0,処理中,中部
1349,ORD-01349,20260207,20260221,6,13,1,3200000,3200000,0.0,出荷済,関西
1350,ORD-01350,20250610,,26,15,20,61200,1224000,0.1,処理中,東北
1351,ORD-01351,20260218,20260224,10,11,100,123250,12325000,0.15,出荷済,中部
1352,ORD-01352,20250210,20250219,27,9,50,80750,4037500,0.15,出荷済,東北
1353,ORD-01353,20250110,20250123,1,13,1,3200000,3200000,0.0,出荷済,九州
1354,ORD-01354,20250824,20250905,17,20,5,890000,4450000,0.0,出荷済,中国
1355,ORD-01355,20251112,20251117,15,13,3,3200000,9600000,0.0,出荷済,中部
1356,ORD-01356,20250108,20250111,7,4,20,288000,5760000,0.1,出荷済,中部
1357,ORD-01357,20250904,,5,8,3,1650000,4950000,0.0,受注確定,中部
1358,ORD-01358,20250214,20250217,12,15,3,68000,204000,0.0,出荷済,関東
1359,ORD-01359,20250327,,5,15,100,57800,5780000,0.15,処理中,関東
1360,ORD-01360,20260317,20260329,18,19,3,92000,276000,0.0,出荷済,中国
1361,ORD-01361,20260303,20260316,17,2,5,45000,225000,0.0,出荷済,中国
1362,ORD-01362,20260101,,18,14,3,4800000,14400000,0.0,キャンセル,東北
1363,ORD-01363,20260110,20260120,23,10,1,210000,210000,0.0,出荷済,東北
1364,ORD-01364,20251030,20251110,27,16,3,35000,105000,0.0,出荷済,関東
1365,ORD-01365,20250805,20250818,25,11,10,137750,1377500,0.05,出荷済,九州
1366,ORD-01366,20250831,20250910,3,16,10,33250,332500,0.05,出荷済,北海道
1367,ORD-01367,20250812,20250822,1,6,1,4500000,4500000,0.0,出荷済,関西
1368,ORD-01368,20250813,20250825,8,17,3,248000,744000,0.0,出荷済,中国
1369,ORD-01369,20260308,20260317,20,5,50,66300,3315000,0.15,出荷済,中国
1370,ORD-01370,20251211,20251223,15,16,20,31500,630000,0.1,出荷済,中部
1371,ORD-01371,20250525,20250530,3,16,2,35000,70000,0.0,出荷済,東北
1372,ORD-01372,20250909,,3,14,5,4800000,24000000,0.0,処理中,関西
1373,ORD-01373,20250501,20250509,7,18,1,156000,156000,0.0,出荷済,関西
1374,ORD-01374,20250702,,5,6,3,4500000,13500000,0.0,受注確定,関東
1375,ORD-01375,20260218,,2,11,5,145000,725000,0.0,キャンセル,中部
1376,ORD-01376,20250303,20250311,24,8,3,1650000,4950000,0.0,出荷済,中国
1377,ORD-01377,20250124,,24,9,50,80750,4037500,0.15,受注確定,東北
1378,ORD-01378,20251209,,3,2,50,38250,1912500,0.15,処理中,中国
1379,ORD-01379,20250823,,3,4,20,288000,5760000,0.1,キャンセル,中国
1380,ORD-01380,20260316,20260321,3,18,1,156000,156000,0.0,出荷済,北海道
1381,ORD-01381,20250302,20250316,7,12,1,6500000,6500000,0.0,出荷済,九州
1382,ORD-01382,20260126,20260131,22,16,20,31500,630000,0.1,出荷済,北海道
1383,ORD-01383,20250706,20250716,14,5,2,78000,156000,0.0,出荷済,九州
1384,ORD-01384,20260129,,1,8,5,1650000,8250000,0.0,処理中,関西
1385,ORD-01385,20250527,20250610,22,6,1,4500000,4500000,0.0,出荷済,中国
1386,ORD-01386,20250801,,15,8,2,1650000,3300000,0.0,受注確定,九州
1387,ORD-01387,20260208,20260217,8,5,20,70200,1404000,0.1,出荷済,九州
1388,ORD-01388,20260313,,23,12,5,6500000,32500000,0.0,処理中,中部
1389,ORD-01389,20260130,20260207,1,17,50,210800,10540000,0.15,出荷済,関西
1390,ORD-01390,20250725,20250807,6,14,1,4800000,4800000,0.0,出荷済,北海道
1391,ORD-01391,20250319,,25,2,100,38250,3825000,0.15,受注確定,関西
1392,ORD-01392,20250803,20250811,17,18,50,132600,6630000,0.15,出荷済,関東
1393,ORD-01393,20260228,20260314,11,17,10,235600,2356000,0.05,出荷済,九州
1394,ORD-01394,20250817,,7,18,10,148200,1482000,0.05,キャンセル,北海道
1395,ORD-01395,20250815,20250819,14,13,3,3200000,9600000,0.0,出荷済,関東
1396,ORD-01396,20251003,20251014,14,13,3,3200000,9600000,0.0,出荷済,東北
1397,ORD-01397,20250526,20250606,7,3,10,121600,1216000,0.05,出荷済,関西
1398,ORD-01398,20260123,,30,6,1,4500000,4500000,0.0,受注確定,東北
1399,ORD-01399,20250513,,8,10,20,189000,3780000,0.1,受注確定,関東
1400,ORD-01400,20260110,,2,12,1,6500000,6500000,0.0,受注確定,関西
1401,ORD-01401,20250305,,2,4,5,320000,1600000,0.0,キャンセル,北海道
1402,ORD-01402,20250103,,19,11,100,123250,12325000,0.15,キャンセル,東北
1403,ORD-01403,20260101,20260109,29,18,20,140400,2808000,0.1,出荷済,関西
1404,ORD-01404,20250526,,25,5,20,70200,1404000,0.1,受注確定,北海道
1405,ORD-01405,20250507,20250515,3,11,10,137750,1377500,0.05,出荷済,九州
1406,ORD-01406,20250220,20250224,5,14,3,4800000,14400000,0.0,出荷済,関東
1407,ORD-01407,20250806,20250814,4,16,3,35000,105000,0.0,出荷済,北海道
1408,ORD-01408,20250927,20251004,17,19,10,87400,874000,0.05,出荷済,東北
1409,ORD-01409,20250913,,30,14,5,4800000,24000000,0.0,処理中,北海道
1410,ORD-01410,20250802,,5,5,10,74100,741000,0.05,処理中,北海道
1411,ORD-01411,20250823,20250906,4,17,50,210800,10540000,0.15,出荷済,中部
1412,ORD-01412,20250822,,20,2,20,40500,810000,0.1,受注確定,関西
1413,ORD-01413,20250302,20250314,27,14,1,4800000,4800000,0.0,出荷済,関西
1414,ORD-01414,20250121,20250129,23,5,2,78000,156000,0.0,出荷済,関西
1415,ORD-01415,20250531,20250612,21,1,20,166500,3330000,0.1,出荷済,九州
1416,ORD-01416,20250125,,12,10,3,210000,630000,0.0,処理中,関東
1417,ORD-01417,20250304,20250313,23,12,1,6500000,6500000,0.0,出荷済,九州
1418,ORD-01418,20251021,20251030,12,19,10,87400,874000,0.05,出荷済,九州
1419,ORD-01419,20260304,,27,5,20,70200,1404000,0.1,受注確定,北海道
1420,ORD-01420,20250824,20250828,18,15,3,68000,204000,0.0,出荷済,中国
1421,ORD-01421,20251116,20251124,28,14,1,4800000,4800000,0.0,出荷済,東北
1422,ORD-01422,20250124,20250207,18,9,10,90250,902500,0.05,出荷済,関東
1423,ORD-01423,20251020,20251102,29,10,10,199500,1995000,0.05,出荷済,東北
1424,ORD-01424,20250213,20250225,7,20,3,890000,2670000,0.0,出荷済,東北
1425,ORD-01425,20250407,20250420,20,17,50,210800,10540000,0.15,出荷済,東北
1426,ORD-01426,20250403,20250417,1,9,20,85500,1710000,0.1,出荷済,中国
1427,ORD-01427,20260331,,25,15,2,68000,136000,0.0,受注確定,東北
1428,ORD-01428,20250614,20250622,17,19,1,92000,92000,0.0,出荷済,九州
1429,ORD-01429,20250403,20250412,18,1,50,157250,7862500,0.15,出荷済,関西
1430,ORD-01430,20250216,20250221,3,4,10,304000,3040000,0.05,出荷済,中部
1431,ORD-01431,20250511,20250524,3,5,5,78000,390000,0.0,出荷済,中部
1432,ORD-01432,20250131,20250207,27,11,3,145000,435000,0.0,出荷済,九州
1433,ORD-01433,20250220,20250227,13,5,5,78000,390000,0.0,出荷済,九州
1434,ORD-01434,20260228,,4,2,3,45000,135000,0.0,キャンセル,東北
1435,ORD-01435,20250502,20250506,22,17,20,223200,4464000,0.1,出荷済,関西
1436,ORD-01436,20250201,20250211,13,15,10,64600,646000,0.05,出荷済,関東
1437,ORD-01437,20250728,20250804,30,8,10,1567500,15675000,0.05,出荷済,東北
1438,ORD-01438,20251028,20251104,3,8,5,1650000,8250000,0.0,出荷済,東北
1439,ORD-01439,20250728,,18,3,20,115200,2304000,0.1,受注確定,中部
1440,ORD-01440,20260205,20260211,5,12,2,6500000,13000000,0.0,出荷済,東北
1441,ORD-01441,20250805,,24,15,1,68000,68000,0.0,処理中,中国
1442,ORD-01442,20251114,,12,6,1,4500000,4500000,0.0,処理中,関西
1443,ORD-01443,20251103,20251115,9,13,5,3200000,16000000,0.0,出荷済,中国
1444,ORD-01444,20250919,,11,2,3,45000,135000,0.0,受注確定,東北
1445,ORD-01445,20250205,20250210,12,3,5,128000,640000,0.0,出荷済,北海道
1446,ORD-01446,20251012,,11,14,1,4800000,4800000,0.0,受注確定,中国
1447,ORD-01447,20250612,,14,9,100,80750,8075000,0.15,処理中,関西
1448,ORD-01448,20250506,,14,11,3,145000,435000,0.0,キャンセル,関西
1449,ORD-01449,20250109,20250112,4,1,10,175750,1757500,0.05,出荷済,北海道
1450,ORD-01450,20250330,,17,18,50,132600,6630000,0.15,処理中,中国
1451,ORD-01451,20250721,20250801,23,3,20,115200,2304000,0.1,出荷済,関東
1452,ORD-01452,20260303,20260315,18,4,5,320000,1600000,0.0,出荷済,関西
1453,ORD-01453,20250718,20250724,6,1,2,185000,370000,0.0,出荷済,九州
1454,ORD-01454,20250105,20250111,7,1,20,166500,3330000,0.1,出荷済,関東
1455,ORD-01455,20260222,20260228,27,10,20,189000,3780000,0.1,出荷済,九州
1456,ORD-01456,20250705,,1,9,10,90250,902500,0.05,キャンセル,中部
1457,ORD-01457,20250104,20250116,7,13,1,3200000,3200000,0.0,出荷済,東北
1458,ORD-01458,20250910,,6,18,3,156000,468000,0.0,キャンセル,北海道
1459,ORD-01459,20251216,,27,19,3,92000,276000,0.0,キャンセル,中部
1460,ORD-01460,20260117,,2,5,5,78000,390000,0.0,キャンセル,中国
1461,ORD-01461,20250427,20250511,23,9,3,95000,285000,0.0,出荷済,北海道
1462,ORD-01462,20250930,,27,9,10,90250,902500,0.05,処理中,関東
1463,ORD-01463,20250807,20250814,2,11,5,145000,725000,0.0,出荷済,関東
1464,ORD-01464,20251215,,23,15,10,64600,646000,0.05,受注確定,中国
1465,ORD-01465,20250123,20250203,7,2,5,45000,225000,0.0,出荷済,九州
1466,ORD-01466,20250611,20250623,1,13,1,3200000,3200000,0.0,出荷済,中国
1467,ORD-01467,20250113,20250119,7,14,5,4800000,24000000,0.0,出荷済,中部
1468,ORD-01468,20250618,20250621,12,3,10,121600,1216000,0.05,出荷済,九州
1469,ORD-01469,20250810,20250817,1,19,20,82800,1656000,0.1,出荷済,中部
1470,ORD-01470,20250225,20250305,20,8,10,1567500,15675000,0.05,出荷済,東北
1471,ORD-01471,20260211,,8,3,20,115200,2304000,0.1,キャンセル,九州
1472,ORD-01472,20260127,20260130,3,15,10,64600,646000,0.05,出荷済,関東
1473,ORD-01473,20250713,20250723,13,3,20,115200,2304000,0.1,出荷済,関東
1474,ORD-01474,20250604,20250615,27,14,1,4800000,4800000,0.0,出荷済,関東
1475,ORD-01475,20250531,20250606,16,13,1,3200000,3200000,0.0,出荷済,中国
1476,ORD-01476,20251103,,28,1,10,175750,1757500,0.05,処理中,中国
1477,ORD-01477,20250808,20250818,28,20,1,890000,890000,0.0,出荷済,東北
1478,ORD-01478,20250618,20250630,26,7,1,2800000,2800000,0.0,出荷済,北海道
1479,ORD-01479,20250204,20250217,26,7,5,2800000,14000000,0.0,出荷済,東北
1480,ORD-01480,20250512,,14,14,2,4800000,9600000,0.0,キャンセル,九州
1481,ORD-01481,20250406,20250411,8,5,20,70200,1404000,0.1,出荷済,関西
1482,ORD-01482,20251027,20251103,18,17,100,210800,21080000,0.15,出荷済,東北
1483,ORD-01483,20260330,20260411,23,5,3,78000,234000,0.0,出荷済,関西
1484,ORD-01484,20250530,20250602,16,1,10,175750,1757500,0.05,出荷済,中部
1485,ORD-01485,20250917,20250923,24,2,5,45000,225000,0.0,出荷済,北海道
1486,ORD-01486,20250414,,2,11,3,145000,435000,0.0,処理中,北海道
1487,ORD-01487,20251221,,20,20,5,890000,4450000,0.0,キャンセル,東北
1488,ORD-01488,20250621,20250625,27,10,5,210000,1050000,0.0,出荷済,九州
1489,ORD-01489,20260325,20260407,2,16,3,35000,105000,0.0,出荷済,中部
1490,ORD-01490,20251221,20251231,8,15,10,64600,646000,0.05,出荷済,北海道
1491,ORD-01491,20260129,20260201,14,13,1,3200000,3200000,0.0,出荷済,関西
1492,ORD-01492,20250106,20250111,2,12,1,6500000,6500000,0.0,出荷済,関西
1493,ORD-01493,20250814,20250817,7,19,50,78200,3910000,0.15,出荷済,関東
1494,ORD-01494,20250412,20250426,7,10,3,210000,630000,0.0,出荷済,中部
1495,ORD-01495,20250623,20250628,23,8,2,1650000,3300000,0.0,出荷済,中国
1496,ORD-01496,20250515,20250524,3,1,20,166500,3330000,0.1,出荷済,北海道
1497,ORD-01497,20260208,20260218,3,11,50,123250,6162500,0.15,出荷済,中部
1498,ORD-01498,20250709,,16,6,5,4500000,22500000,0.0,キャンセル,九州
1499,ORD-01499,20260326,20260401,2,4,3,320000,960000,0.0,出荷済,中部
1500,ORD-01500,20250930,20251013,16,12,1,6500000,6500000,0.0,出荷済,中部
